Longitude (x),Latitude (y),Station Name,Climate ID,Date/Time (LST),Year,Month,Day,Time (LST),Temp (°C),Temp Flag,Dew Point Temp (°C),Dew Point Temp Flag,Rel Hum (%),Rel Hum Flag,Precip. Amount (mm),Precip. Amount Flag,Wind Dir (10s deg),Wind Dir Flag,Wind Spd (km/h),Wind Spd Flag,Visibility (km),Visibility Flag,Stn Press (kPa),Stn Press Flag,Hmdx,Hmdx Flag,Wind Chill,Wind Chill Flag,Weather,,
-137.58,60.77,HAINES JUNCTION,2100630,7/1/2024 0:00,2024,7,1,0:00,9.2,,5.8,,79,,,M,,,0,,,,94.35,,,,,,NA,,
-137.58,60.77,HAINES JUNCTION,2100630,7/1/2024 1:00,2024,7,1,1:00,6.7,,4.4,,85,,,M,,,0,,,,94.41,,,,,,NA,,
-137.58,60.77,HAINES JUNCTION,2100630,7/1/2024 2:00,2024,7,1,2:00,4.7,,3.2,,90,,,M,,,0,,,,94.48,,,,,,NA,,
-137.58,60.77,HAINES JUNCTION,2100630,7/1/2024 3:00,2024,7,1,3:00,4.1,,3.4,,95,,,M,,,0,,,,94.55,,,,,,NA,,
-137.58,60.77,HAINES JUNCTION,2100630,7/1/2024 4:00,2024,7,1,4:00,3.6,,2.9,,95,,,M,,,0,,,,94.55,,,,,,NA,,
-137.58,60.77,HAINES JUNCTION,2100630,7/1/2024 5:00,2024,7,1,5:00,6.3,,5.9,,97,,,M,,,0,,,,94.55,,,,,,NA,,
-137.58,60.77,HAINES JUNCTION,2100630,7/1/2024 6:00,2024,7,1,6:00,8.5,,7.5,,93,,,M,,,0,,,,94.57,,,,,,NA,,
-137.58,60.77,HAINES JUNCTION,2100630,7/1/2024 7:00,2024,7,1,7:00,11.1,,7.6,,79,,,M,,,0,,,,94.59,,,,,,NA,,
-137.58,60.77,HAINES JUNCTION,2100630,7/1/2024 8:00,2024,7,1,8:00,12.6,,7.4,,71,,,M,,,0,,,,94.6,,,,,,NA,,
-137.58,60.77,HAINES JUNCTION,2100630,7/1/2024 9:00,2024,7,1,9:00,13.6,,7.4,,66,,,M,24,,3,,,,94.61,,,,,,NA,,
-137.58,60.77,HAINES JUNCTION,2100630,7/1/2024 10:00,2024,7,1,10:00,14.6,,6.8,,60,,,M,,,0,,,,94.6,,,,,,NA,,
-137.58,60.77,HAINES JUNCTION,2100630,7/1/2024 11:00,2024,7,1,11:00,16.2,,6.6,,53,,,M,27,,8,,,,94.57,,,,,,NA,,
-137.58,60.77,HAINES JUNCTION,2100630,7/1/2024 12:00,2024,7,1,12:00,16.1,,6.2,,52,,,M,27,,6,,,,94.56,,,,,,NA,,
-137.58,60.77,HAINES JUNCTION,2100630,7/1/2024 13:00,2024,7,1,13:00,17.4,,6.8,,50,,,M,29,,9,,,,94.54,,,,,,NA,,
-137.58,60.77,HAINES JUNCTION,2100630,7/1/2024 14:00,2024,7,1,14:00,18.3,,7,,48,,,M,28,,14,,,,94.52,,,,,,NA,,
-137.58,60.77,HAINES JUNCTION,2100630,7/1/2024 15:00,2024,7,1,15:00,19.8,,7.3,,44,,,M,27,,16,,,,94.51,,,,,,NA,,
-137.58,60.77,HAINES JUNCTION,2100630,7/1/2024 16:00,2024,7,1,16:00,18.4,,5.7,,43,,,M,26,,23,,,,94.51,,,,,,NA,,
-137.58,60.77,HAINES JUNCTION,2100630,7/1/2024 17:00,2024,7,1,17:00,18,,5.6,,44,,,M,26,,23,,,,94.48,,,,,,NA,,
-137.58,60.77,HAINES JUNCTION,2100630,7/1/2024 18:00,2024,7,1,18:00,17.2,,5.7,,47,,,M,26,,21,,,,94.49,,,,,,NA,,
-137.58,60.77,HAINES JUNCTION,2100630,7/1/2024 19:00,2024,7,1,19:00,15.6,,4.9,,49,,,M,26,,19,,,,94.48,,,,,,NA,,
-137.58,60.77,HAINES JUNCTION,2100630,7/1/2024 20:00,2024,7,1,20:00,14.7,,4.8,,51,,,M,27,,22,,,,94.51,,,,,,NA,,
-137.58,60.77,HAINES JUNCTION,2100630,7/1/2024 21:00,2024,7,1,21:00,14.2,,4.9,,53,,,M,27,,16,,,,94.57,,,,,,NA,,
-137.58,60.77,HAINES JUNCTION,2100630,7/1/2024 22:00,2024,7,1,22:00,13.9,,4.7,,54,,,M,25,,11,,,,94.63,,,,,,NA,,
-137.58,60.77,HAINES JUNCTION,2100630,7/1/2024 23:00,2024,7,1,23:00,13.1,,4.8,,57,,,M,26,,10,,,,94.7,,,,,,NA,,
-137.58,60.77,HAINES JUNCTION,2100630,7/2/2024 0:00,2024,7,2,0:00,12.7,,5,,59,,,M,25,,10,,,,94.74,,,,,,NA,,
-137.58,60.77,HAINES JUNCTION,2100630,7/2/2024 1:00,2024,7,2,1:00,12,,5.2,,63,,,M,25,,10,,,,94.79,,,,,,NA,,
-137.58,60.77,HAINES JUNCTION,2100630,7/2/2024 2:00,2024,7,2,2:00,11.5,,5.6,,67,,,M,24,,3,,,,94.84,,,,,,NA,,
-137.58,60.77,HAINES JUNCTION,2100630,7/2/2024 3:00,2024,7,2,3:00,10.4,,6.1,,75,,,M,,,0,,,,94.87,,,,,,NA,,
-137.58,60.77,HAINES JUNCTION,2100630,7/2/2024 4:00,2024,7,2,4:00,10.7,,5.4,,70,,,M,1,,5,,,,94.9,,,,,,NA,,
-137.58,60.77,HAINES JUNCTION,2100630,7/2/2024 5:00,2024,7,2,5:00,10.2,,6.4,,77,,,M,,,0,,,,94.92,,,,,,NA,,
-137.58,60.77,HAINES JUNCTION,2100630,7/2/2024 6:00,2024,7,2,6:00,10.2,,6.6,,78,,,M,5,,3,,,,94.95,,,,,,NA,,
-137.58,60.77,HAINES JUNCTION,2100630,7/2/2024 7:00,2024,7,2,7:00,10.6,,6.8,,77,,,M,2,,5,,,,95,,,,,,NA,,
-137.58,60.77,HAINES JUNCTION,2100630,7/2/2024 8:00,2024,7,2,8:00,11.1,,6.8,,75,,,M,,,0,,,,95.04,,,,,,NA,,
-137.58,60.77,HAINES JUNCTION,2100630,7/2/2024 9:00,2024,7,2,9:00,11.3,,6.7,,74,,,M,,,0,,,,95.08,,,,,,NA,,
-137.58,60.77,HAINES JUNCTION,2100630,7/2/2024 10:00,2024,7,2,10:00,12,,7,,72,,,M,,,0,,,,95.12,,,,,,NA,,
-137.58,60.77,HAINES JUNCTION,2100630,7/2/2024 11:00,2024,7,2,11:00,13,,7.7,,70,,,M,8,,4,,,,95.13,,,,,,NA,,
-137.58,60.77,HAINES JUNCTION,2100630,7/2/2024 12:00,2024,7,2,12:00,13.9,,7.1,,64,,,M,4,,3,,,,95.14,,,,,,NA,,
-137.58,60.77,HAINES JUNCTION,2100630,7/2/2024 13:00,2024,7,2,13:00,14.4,,7.6,,64,,,M,36,,3,,,,95.17,,,,,,NA,,
-137.58,60.77,HAINES JUNCTION,2100630,7/2/2024 14:00,2024,7,2,14:00,15,,6.6,,57,,,M,36,,4,,,,95.17,,,,,,NA,,
-137.58,60.77,HAINES JUNCTION,2100630,7/2/2024 15:00,2024,7,2,15:00,15.5,,7.9,,61,,,M,30,,8,,,,95.18,,,,,,NA,,
-137.58,60.77,HAINES JUNCTION,2100630,7/2/2024 16:00,2024,7,2,16:00,15.9,,7.9,,59,,,M,34,,5,,,,95.18,,,,,,NA,,
-137.58,60.77,HAINES JUNCTION,2100630,7/2/2024 17:00,2024,7,2,17:00,14.8,,7.3,,61,,,M,28,,9,,,,95.19,,,,,,NA,,
-137.58,60.77,HAINES JUNCTION,2100630,7/2/2024 18:00,2024,7,2,18:00,14.9,,7.7,,62,,,M,29,,6,,,,95.19,,,,,,NA,,
-137.58,60.77,HAINES JUNCTION,2100630,7/2/2024 19:00,2024,7,2,19:00,14.2,,7.1,,62,,,M,26,,6,,,,95.22,,,,,,NA,,
-137.58,60.77,HAINES JUNCTION,2100630,7/2/2024 20:00,2024,7,2,20:00,13.6,,6.4,,62,,,M,29,,8,,,,95.22,,,,,,NA,,
-137.58,60.77,HAINES JUNCTION,2100630,7/2/2024 21:00,2024,7,2,21:00,12.9,,6,,63,,,M,28,,6,,,,95.25,,,,,,NA,,
-137.58,60.77,HAINES JUNCTION,2100630,7/2/2024 22:00,2024,7,2,22:00,12.2,,6.3,,67,,,M,35,,3,,,,95.3,,,,,,NA,,
-137.58,60.77,HAINES JUNCTION,2100630,7/2/2024 23:00,2024,7,2,23:00,11.6,,6.3,,70,,,M,32,,4,,,,95.35,,,,,,NA,,
-137.58,60.77,HAINES JUNCTION,2100630,7/3/2024 0:00,2024,7,3,0:00,10.9,,5.9,,72,,,M,3,,6,,,,95.38,,,,,,NA,,
-137.58,60.77,HAINES JUNCTION,2100630,7/3/2024 1:00,2024,7,3,1:00,10.5,,5.5,,71,,,M,2,,6,,,,95.39,,,,,,NA,,
-137.58,60.77,HAINES JUNCTION,2100630,7/3/2024 2:00,2024,7,3,2:00,10.1,,5.5,,74,,,M,2,,5,,,,95.42,,,,,,NA,,
-137.58,60.77,HAINES JUNCTION,2100630,7/3/2024 3:00,2024,7,3,3:00,9.6,,5.3,,74,,,M,2,,6,,,,95.44,,,,,,NA,,
-137.58,60.77,HAINES JUNCTION,2100630,7/3/2024 4:00,2024,7,3,4:00,9.3,,5.3,,76,,,M,36,,7,,,,95.48,,,,,,NA,,
-137.58,60.77,HAINES JUNCTION,2100630,7/3/2024 5:00,2024,7,3,5:00,9.1,,5.4,,77,,,M,1,,6,,,,95.48,,,,,,NA,,
-137.58,60.77,HAINES JUNCTION,2100630,7/3/2024 6:00,2024,7,3,6:00,9,,5.5,,79,,,M,34,,5,,,,95.53,,,,,,NA,,
-137.58,60.77,HAINES JUNCTION,2100630,7/3/2024 7:00,2024,7,3,7:00,9.6,,6,,78,,,M,35,,5,,,,95.54,,,,,,NA,,
-137.58,60.77,HAINES JUNCTION,2100630,7/3/2024 8:00,2024,7,3,8:00,11.2,,6.6,,73,,,M,32,,4,,,,95.55,,,,,,NA,,
-137.58,60.77,HAINES JUNCTION,2100630,7/3/2024 9:00,2024,7,3,9:00,12.5,,6.7,,68,,,M,34,,3,,,,95.55,,,,,,NA,,
-137.58,60.77,HAINES JUNCTION,2100630,7/3/2024 10:00,2024,7,3,10:00,13.4,,7.3,,66,,,M,30,,4,,,,95.54,,,,,,NA,,
-137.58,60.77,HAINES JUNCTION,2100630,7/3/2024 11:00,2024,7,3,11:00,14.3,,6.8,,61,,,M,3,,5,,,,95.49,,,,,,NA,,
-137.58,60.77,HAINES JUNCTION,2100630,7/3/2024 12:00,2024,7,3,12:00,16.9,,7.1,,52,,,M,16,,3,,,,95.47,,,,,,NA,,
-137.58,60.77,HAINES JUNCTION,2100630,7/3/2024 13:00,2024,7,3,13:00,18.7,,8.2,,51,,,M,19,,5,,,,95.4,,,,,,NA,,
-137.58,60.77,HAINES JUNCTION,2100630,7/3/2024 14:00,2024,7,3,14:00,19.6,,8.8,,49,,,M,9,,5,,,,95.35,,,,,,NA,,
-137.58,60.77,HAINES JUNCTION,2100630,7/3/2024 15:00,2024,7,3,15:00,20.6,,9.1,,48,,,M,25,,10,,,,95.29,,,,,,NA,,
-137.58,60.77,HAINES JUNCTION,2100630,7/3/2024 16:00,2024,7,3,16:00,20.8,,9.4,,48,,,M,27,,13,,,,95.22,,,,,,NA,,
-137.58,60.77,HAINES JUNCTION,2100630,7/3/2024 17:00,2024,7,3,17:00,19.6,,8.6,,49,,,M,27,,16,,,,95.18,,,,,,NA,,
-137.58,60.77,HAINES JUNCTION,2100630,7/3/2024 18:00,2024,7,3,18:00,18.6,,7.9,,50,,,M,27,,17,,,,95.13,,,,,,NA,,
-137.58,60.77,HAINES JUNCTION,2100630,7/3/2024 19:00,2024,7,3,19:00,17.6,,7.3,,51,,,M,28,,15,,,,95.12,,,,,,NA,,
-137.58,60.77,HAINES JUNCTION,2100630,7/3/2024 20:00,2024,7,3,20:00,16.5,,6.5,,52,,,M,27,,13,,,,95.13,,,,,,NA,,
-137.58,60.77,HAINES JUNCTION,2100630,7/3/2024 21:00,2024,7,3,21:00,15,,6.2,,56,,,M,27,,14,,,,95.15,,,,,,NA,,
-137.58,60.77,HAINES JUNCTION,2100630,7/3/2024 22:00,2024,7,3,22:00,12.8,,5.8,,62,,,M,30,,5,,,,95.22,,,,,,NA,,
-137.58,60.77,HAINES JUNCTION,2100630,7/3/2024 23:00,2024,7,3,23:00,10.9,,5.1,,67,,,M,2,,9,,,,95.28,,,,,,NA,,
-137.58,60.77,HAINES JUNCTION,2100630,7/4/2024 0:00,2024,7,4,0:00,10,,4.9,,71,,,M,1,,8,,,,95.34,,,,,,NA,,
-137.58,60.77,HAINES JUNCTION,2100630,7/4/2024 1:00,2024,7,4,1:00,8.6,,4.7,,76,,,M,30,,3,,,,95.41,,,,,,NA,,
-137.58,60.77,HAINES JUNCTION,2100630,7/4/2024 2:00,2024,7,4,2:00,10.3,,4.7,,68,,,M,36,,7,,,,95.45,,,,,,NA,,
-137.58,60.77,HAINES JUNCTION,2100630,7/4/2024 3:00,2024,7,4,3:00,9.1,,5.8,,80,,,M,36,,3,,,,95.48,,,,,,NA,,
-137.58,60.77,HAINES JUNCTION,2100630,7/4/2024 4:00,2024,7,4,4:00,8.5,,5.9,,84,,,M,,,0,,,,95.48,,,,,,NA,,
-137.58,60.77,HAINES JUNCTION,2100630,7/4/2024 5:00,2024,7,4,5:00,8.8,,6.6,,86,,,M,,,0,,,,95.5,,,,,,NA,,
-137.58,60.77,HAINES JUNCTION,2100630,7/4/2024 6:00,2024,7,4,6:00,9.5,,6.3,,80,,,M,,,0,,,,95.53,,,,,,NA,,
-137.58,60.77,HAINES JUNCTION,2100630,7/4/2024 7:00,2024,7,4,7:00,10.3,,4.9,,69,,,M,36,,6,,,,95.55,,,,,,NA,,
-137.58,60.77,HAINES JUNCTION,2100630,7/4/2024 8:00,2024,7,4,8:00,10.6,,5.4,,70,,,M,36,,6,,,,95.56,,,,,,NA,,
-137.58,60.77,HAINES JUNCTION,2100630,7/4/2024 9:00,2024,7,4,9:00,11.3,,5.3,,67,,,M,,,0,,,,95.56,,,,,,NA,,
-137.58,60.77,HAINES JUNCTION,2100630,7/4/2024 10:00,2024,7,4,10:00,11.9,,6.1,,68,,,M,31,,4,,,,95.57,,,,,,NA,,
-137.58,60.77,HAINES JUNCTION,2100630,7/4/2024 11:00,2024,7,4,11:00,11.9,,5.3,,64,,,M,30,,5,,,,95.56,,,,,,NA,,
-137.58,60.77,HAINES JUNCTION,2100630,7/4/2024 12:00,2024,7,4,12:00,13.8,,6.6,,62,,,M,28,,3,,,,95.51,,,,,,NA,,
-137.58,60.77,HAINES JUNCTION,2100630,7/4/2024 13:00,2024,7,4,13:00,14.2,,7,,62,,,M,34,,5,,,,95.43,,,,,,NA,,
-137.58,60.77,HAINES JUNCTION,2100630,7/4/2024 14:00,2024,7,4,14:00,16.5,,7.1,,53,,,M,32,,6,,,,95.34,,,,,,NA,,
-137.58,60.77,HAINES JUNCTION,2100630,7/4/2024 15:00,2024,7,4,15:00,16.5,,6.6,,52,,,M,27,,12,,,,95.25,,,,,,NA,,
-137.58,60.77,HAINES JUNCTION,2100630,7/4/2024 16:00,2024,7,4,16:00,17.1,,6.6,,50,,,M,26,,15,,,,95.17,,,,,,NA,,
-137.58,60.77,HAINES JUNCTION,2100630,7/4/2024 17:00,2024,7,4,17:00,16.2,,6,,51,,,M,26,,19,,,,95.1,,,,,,NA,,
-137.58,60.77,HAINES JUNCTION,2100630,7/4/2024 18:00,2024,7,4,18:00,16.1,,6,,51,,,M,28,,14,,,,95.02,,,,,,NA,,
-137.58,60.77,HAINES JUNCTION,2100630,7/4/2024 19:00,2024,7,4,19:00,14.6,,5.2,,53,,,M,27,,19,,,,94.99,,,,,,NA,,
-137.58,60.77,HAINES JUNCTION,2100630,7/4/2024 20:00,2024,7,4,20:00,13.3,,4.6,,55,,,M,26,,19,,,,95,,,,,,NA,,
-137.58,60.77,HAINES JUNCTION,2100630,7/4/2024 21:00,2024,7,4,21:00,12.4,,4.6,,59,,,M,27,,16,,,,94.99,,,,,,NA,,
-137.58,60.77,HAINES JUNCTION,2100630,7/4/2024 22:00,2024,7,4,22:00,11.8,,4.4,,61,,,M,27,,10,,,,94.97,,,,,,NA,,
-137.58,60.77,HAINES JUNCTION,2100630,7/4/2024 23:00,2024,7,4,23:00,9.8,,4.8,,71,,,M,23,,5,,,,95.01,,,,,,NA,,
-137.58,60.77,HAINES JUNCTION,2100630,7/5/2024 0:00,2024,7,5,0:00,8.3,,5.3,,82,,,M,,,0,,,,95.01,,,,,,NA,,
-137.58,60.77,HAINES JUNCTION,2100630,7/5/2024 1:00,2024,7,5,1:00,7.6,,5.5,,87,,,M,,,0,,,,94.99,,,,,,NA,,
-137.58,60.77,HAINES JUNCTION,2100630,7/5/2024 2:00,2024,7,5,2:00,7.8,,5.6,,86,,,M,,,0,,,,95.01,,,,,,NA,,
-137.58,60.77,HAINES JUNCTION,2100630,7/5/2024 3:00,2024,7,5,3:00,7.8,,5.5,,85,,,M,,,0,,,,95,,,,,,NA,,
-137.58,60.77,HAINES JUNCTION,2100630,7/5/2024 4:00,2024,7,5,4:00,7.2,,4.8,,85,,,M,,,0,,,,94.99,,,,,,NA,,
-137.58,60.77,HAINES JUNCTION,2100630,7/5/2024 5:00,2024,7,5,5:00,7,,5.5,,90,,,M,,,0,,,,95,,,,,,NA,,
-137.58,60.77,HAINES JUNCTION,2100630,7/5/2024 6:00,2024,7,5,6:00,8.6,,6.9,,89,,,M,,,0,,,,94.99,,,,,,NA,,
-137.58,60.77,HAINES JUNCTION,2100630,7/5/2024 7:00,2024,7,5,7:00,10.9,,5.6,,70,,,M,27,,3,,,,94.98,,,,,,NA,,
-137.58,60.77,HAINES JUNCTION,2100630,7/5/2024 8:00,2024,7,5,8:00,12.6,,4.8,,59,,,M,,,0,,,,94.95,,,,,,NA,,
-137.58,60.77,HAINES JUNCTION,2100630,7/5/2024 9:00,2024,7,5,9:00,13,,4.6,,57,,,M,1,,7,,,,94.97,,,,,,NA,,
-137.58,60.77,HAINES JUNCTION,2100630,7/5/2024 10:00,2024,7,5,10:00,13.4,,5.2,,57,,,M,,,0,,,,94.98,,,,,,NA,,
-137.58,60.77,HAINES JUNCTION,2100630,7/5/2024 11:00,2024,7,5,11:00,14.6,,5.6,,55,,,M,36,,5,,,,94.97,,,,,,NA,,
-137.58,60.77,HAINES JUNCTION,2100630,7/5/2024 12:00,2024,7,5,12:00,15.6,,5.5,,51,,,M,30,,7,,,,94.94,,,,,,NA,,
-137.58,60.77,HAINES JUNCTION,2100630,7/5/2024 13:00,2024,7,5,13:00,17.3,,5.8,,47,,,M,29,,15,,,,94.89,,,,,,NA,,
-137.58,60.77,HAINES JUNCTION,2100630,7/5/2024 14:00,2024,7,5,14:00,17.2,,5.8,,47,,,M,27,,17,,,,94.9,,,,,,NA,,
-137.58,60.77,HAINES JUNCTION,2100630,7/5/2024 15:00,2024,7,5,15:00,16.1,,5.2,,48,,,M,26,,19,,,,94.91,,,,,,NA,,
-137.58,60.77,HAINES JUNCTION,2100630,7/5/2024 16:00,2024,7,5,16:00,16.7,,5.4,,47,,,M,26,,17,,,,94.92,,,,,,NA,,
-137.58,60.77,HAINES JUNCTION,2100630,7/5/2024 17:00,2024,7,5,17:00,15.4,,5.1,,50,,,M,27,,17,,,,94.92,,,,,,NA,,
-137.58,60.77,HAINES JUNCTION,2100630,7/5/2024 18:00,2024,7,5,18:00,15,,5,,51,,,M,26,,19,,,,94.95,,,,,,NA,,
-137.58,60.77,HAINES JUNCTION,2100630,7/5/2024 19:00,2024,7,5,19:00,15,,5.1,,51,,,M,27,,13,,,,94.95,,,,,,NA,,
-137.58,60.77,HAINES JUNCTION,2100630,7/5/2024 20:00,2024,7,5,20:00,14.6,,5.2,,53,,,M,27,,14,,,,94.97,,,,,,NA,,
-137.58,60.77,HAINES JUNCTION,2100630,7/5/2024 21:00,2024,7,5,21:00,13.7,,4.9,,55,,,M,28,,15,,,,94.99,,,,,,NA,,
-137.58,60.77,HAINES JUNCTION,2100630,7/5/2024 22:00,2024,7,5,22:00,12.1,,4.6,,60,,,M,26,,16,,,,95.04,,,,,,NA,,
-137.58,60.77,HAINES JUNCTION,2100630,7/5/2024 23:00,2024,7,5,23:00,11.4,,4.5,,63,,,M,27,,13,,,,95.11,,,,,,NA,,
-137.58,60.77,HAINES JUNCTION,2100630,7/6/2024 0:00,2024,7,6,0:00,9.3,,5.1,,75,,,M,25,,6,,,,95.15,,,,,,NA,,
-137.58,60.77,HAINES JUNCTION,2100630,7/6/2024 1:00,2024,7,6,1:00,5.9,,3.6,,85,,,M,2,,4,,,,95.16,,,,,,NA,,
-137.58,60.77,HAINES JUNCTION,2100630,7/6/2024 2:00,2024,7,6,2:00,4.7,,3.3,,90,,,M,,,0,,,,95.17,,,,,,NA,,
-137.58,60.77,HAINES JUNCTION,2100630,7/6/2024 3:00,2024,7,6,3:00,4.8,,3.4,,90,,,M,,,0,,,,95.18,,,,,,NA,,
-137.58,60.77,HAINES JUNCTION,2100630,7/6/2024 4:00,2024,7,6,4:00,3.2,,2.2,,94,,,M,,,0,,,,95.18,,,,,,NA,,
-137.58,60.77,HAINES JUNCTION,2100630,7/6/2024 5:00,2024,7,6,5:00,4.3,,3.1,,92,,,M,34,,4,,,,95.19,,,,,,NA,,
-137.58,60.77,HAINES JUNCTION,2100630,7/6/2024 6:00,2024,7,6,6:00,8.7,,6.1,,84,,,M,26,,3,,,,95.19,,,,,,NA,,
-137.58,60.77,HAINES JUNCTION,2100630,7/6/2024 7:00,2024,7,6,7:00,12.4,,5.8,,64,,,M,35,,4,,,,95.17,,,,,,NA,,
-137.58,60.77,HAINES JUNCTION,2100630,7/6/2024 8:00,2024,7,6,8:00,13.2,,5.3,,59,,,M,35,,5,,,,95.14,,,,,,NA,,
-137.58,60.77,HAINES JUNCTION,2100630,7/6/2024 9:00,2024,7,6,9:00,14.4,,5.6,,56,,,M,29,,5,,,,95.1,,,,,,NA,,
-137.58,60.77,HAINES JUNCTION,2100630,7/6/2024 10:00,2024,7,6,10:00,15,,6.5,,57,,,M,31,,11,,,,95.05,,,,,,NA,,
-137.58,60.77,HAINES JUNCTION,2100630,7/6/2024 11:00,2024,7,6,11:00,15.8,,6.7,,54,,,M,26,,12,,,,94.99,,,,,,NA,,
-137.58,60.77,HAINES JUNCTION,2100630,7/6/2024 12:00,2024,7,6,12:00,17.1,,6.5,,50,,,M,24,,14,,,,94.96,,,,,,NA,,
-137.58,60.77,HAINES JUNCTION,2100630,7/6/2024 13:00,2024,7,6,13:00,17.4,,7.3,,51,,,M,26,,16,,,,94.9,,,,,,NA,,
-137.58,60.77,HAINES JUNCTION,2100630,7/6/2024 14:00,2024,7,6,14:00,17.8,,7.4,,51,,,M,25,,16,,,,94.86,,,,,,NA,,
-137.58,60.77,HAINES JUNCTION,2100630,7/6/2024 15:00,2024,7,6,15:00,17.3,,6.6,,49,,,M,25,,17,,,,94.82,,,,,,NA,,
-137.58,60.77,HAINES JUNCTION,2100630,7/6/2024 16:00,2024,7,6,16:00,18,,6.9,,48,,,M,26,,17,,,,94.78,,,,,,NA,,
-137.58,60.77,HAINES JUNCTION,2100630,7/6/2024 17:00,2024,7,6,17:00,18.7,,6.4,,45,,,M,26,,14,,,,94.71,,,,,,NA,,
-137.58,60.77,HAINES JUNCTION,2100630,7/6/2024 18:00,2024,7,6,18:00,18.2,,5.8,,44,,,M,26,,17,,,,94.66,,,,,,NA,,
-137.58,60.77,HAINES JUNCTION,2100630,7/6/2024 19:00,2024,7,6,19:00,17.2,,5.2,,45,,,M,25,,18,,,,94.65,,,,,,NA,,
-137.58,60.77,HAINES JUNCTION,2100630,7/6/2024 20:00,2024,7,6,20:00,16.4,,4.8,,46,,,M,27,,17,,,,94.62,,,,,,NA,,
-137.58,60.77,HAINES JUNCTION,2100630,7/6/2024 21:00,2024,7,6,21:00,14.4,,4.3,,50,,,M,27,,15,,,,94.62,,,,,,NA,,
-137.58,60.77,HAINES JUNCTION,2100630,7/6/2024 22:00,2024,7,6,22:00,13.6,,4,,52,,,M,26,,10,,,,94.66,,,,,,NA,,
-137.58,60.77,HAINES JUNCTION,2100630,7/6/2024 23:00,2024,7,6,23:00,10.4,,4.9,,69,,,M,,,0,,,,94.72,,,,,,NA,,
-137.58,60.77,HAINES JUNCTION,2100630,7/7/2024 0:00,2024,7,7,0:00,7.2,,4.1,,80,,,M,35,,3,,,,94.75,,,,,,NA,,
-137.58,60.77,HAINES JUNCTION,2100630,7/7/2024 1:00,2024,7,7,1:00,9.8,,3.4,,65,,,M,35,,6,,,,94.8,,,,,,NA,,
-137.58,60.77,HAINES JUNCTION,2100630,7/7/2024 2:00,2024,7,7,2:00,9,,3.7,,69,,,M,3,,7,,,,94.81,,,,,,NA,,
-137.58,60.77,HAINES JUNCTION,2100630,7/7/2024 3:00,2024,7,7,3:00,6.2,,3.4,,83,,,M,,,0,,,,94.84,,,,,,NA,,
-137.58,60.77,HAINES JUNCTION,2100630,7/7/2024 4:00,2024,7,7,4:00,7,,3.3,,78,,,M,36,,8,,,,94.85,,,,,,NA,,
-137.58,60.77,HAINES JUNCTION,2100630,7/7/2024 5:00,2024,7,7,5:00,6.9,,3.4,,79,,,M,36,,6,,,,94.88,,,,,,NA,,
-137.58,60.77,HAINES JUNCTION,2100630,7/7/2024 6:00,2024,7,7,6:00,7.5,,3.9,,78,,,M,36,,7,,,,94.89,,,,,,NA,,
-137.58,60.77,HAINES JUNCTION,2100630,7/7/2024 7:00,2024,7,7,7:00,9.7,,5.1,,73,,,M,21,,3,,,,94.88,,,,,,NA,,
-137.58,60.77,HAINES JUNCTION,2100630,7/7/2024 8:00,2024,7,7,8:00,12.3,,5,,61,,,M,5,,6,,,,94.88,,,,,,NA,,
-137.58,60.77,HAINES JUNCTION,2100630,7/7/2024 9:00,2024,7,7,9:00,14,,6,,59,,,M,24,,4,,,,94.87,,,,,,NA,,
-137.58,60.77,HAINES JUNCTION,2100630,7/7/2024 10:00,2024,7,7,10:00,14.3,,5.5,,55,,,M,5,,4,,,,94.86,,,,,,NA,,
-137.58,60.77,HAINES JUNCTION,2100630,7/7/2024 11:00,2024,7,7,11:00,16.2,,5.7,,50,,,M,30,,5,,,,94.78,,,,,,NA,,
-137.58,60.77,HAINES JUNCTION,2100630,7/7/2024 12:00,2024,7,7,12:00,18.4,,5.1,,41,,,M,14,,4,,,,94.71,,,,,,NA,,
-137.58,60.77,HAINES JUNCTION,2100630,7/7/2024 13:00,2024,7,7,13:00,20,,5.8,,40,,,M,24,,6,,,,94.61,,,,,,NA,,
-137.58,60.77,HAINES JUNCTION,2100630,7/7/2024 14:00,2024,7,7,14:00,20.2,,6.8,,42,,,M,24,,11,,,,94.55,,,,,,NA,,
-137.58,60.77,HAINES JUNCTION,2100630,7/7/2024 15:00,2024,7,7,15:00,20.3,,6.6,,41,,,M,26,,18,,,,94.48,,,,,,NA,,
-137.58,60.77,HAINES JUNCTION,2100630,7/7/2024 16:00,2024,7,7,16:00,19.8,,5.6,,39,,,M,26,,22,,,,94.43,,,,,,NA,,
-137.58,60.77,HAINES JUNCTION,2100630,7/7/2024 17:00,2024,7,7,17:00,19.9,,5.8,,40,,,M,26,,18,,,,94.38,,,,,,NA,,
-137.58,60.77,HAINES JUNCTION,2100630,7/7/2024 18:00,2024,7,7,18:00,20,,5.9,,40,,,M,27,,16,,,,94.34,,,,,,NA,,
-137.58,60.77,HAINES JUNCTION,2100630,7/7/2024 19:00,2024,7,7,19:00,18.7,,5.6,,42,,,M,26,,16,,,,94.3,,,,,,NA,,
-137.58,60.77,HAINES JUNCTION,2100630,7/7/2024 20:00,2024,7,7,20:00,17.3,,5.3,,45,,,M,27,,15,,,,94.29,,,,,,NA,,
-137.58,60.77,HAINES JUNCTION,2100630,7/7/2024 21:00,2024,7,7,21:00,16.4,,5.3,,48,,,M,28,,11,,,,94.31,,,,,,NA,,
-137.58,60.77,HAINES JUNCTION,2100630,7/7/2024 22:00,2024,7,7,22:00,15.1,,5.2,,52,,,M,27,,13,,,,94.36,,,,,,NA,,
-137.58,60.77,HAINES JUNCTION,2100630,7/7/2024 23:00,2024,7,7,23:00,12.9,,5.4,,60,,,M,1,,3,,,,94.43,,,,,,NA,,
-137.58,60.77,HAINES JUNCTION,2100630,7/8/2024 0:00,2024,7,8,0:00,11.9,,5,,63,,,M,34,,5,,,,94.48,,,,,,NA,,
-137.58,60.77,HAINES JUNCTION,2100630,7/8/2024 1:00,2024,7,8,1:00,11.1,,5,,66,,,M,1,,7,,,,94.51,,,,,,NA,,
-137.58,60.77,HAINES JUNCTION,2100630,7/8/2024 2:00,2024,7,8,2:00,10.9,,5,,67,,,M,36,,6,,,,94.52,,,,,,NA,,
-137.58,60.77,HAINES JUNCTION,2100630,7/8/2024 3:00,2024,7,8,3:00,9,,5,,76,,,M,30,,4,,,,94.54,,,,,,NA,,
-137.58,60.77,HAINES JUNCTION,2100630,7/8/2024 4:00,2024,7,8,4:00,7.5,,4.7,,83,,,M,31,,3,,,,94.54,,,,,,NA,,
-137.58,60.77,HAINES JUNCTION,2100630,7/8/2024 5:00,2024,7,8,5:00,7.7,,4.7,,81,,,M,32,,3,,,,94.56,,,,,,NA,,
-137.58,60.77,HAINES JUNCTION,2100630,7/8/2024 6:00,2024,7,8,6:00,9.4,,5.8,,78,,,M,33,,4,,,,94.54,,,,,,NA,,
-137.58,60.77,HAINES JUNCTION,2100630,7/8/2024 7:00,2024,7,8,7:00,11,,6.6,,74,,,M,31,,3,,,,94.54,,,,,,NA,,
-137.58,60.77,HAINES JUNCTION,2100630,7/8/2024 8:00,2024,7,8,8:00,14.1,,6.1,,59,,,M,34,,5,,,,94.54,,,,,,NA,,
-137.58,60.77,HAINES JUNCTION,2100630,7/8/2024 9:00,2024,7,8,9:00,16.1,,6.5,,53,,,M,16,,5,,,,94.52,,,,,,NA,,
-137.58,60.77,HAINES JUNCTION,2100630,7/8/2024 10:00,2024,7,8,10:00,17.1,,6.1,,48,,,M,34,,4,,,,94.51,,,,,,NA,,
-137.58,60.77,HAINES JUNCTION,2100630,7/8/2024 11:00,2024,7,8,11:00,19.3,,8.4,,49,,,M,22,,4,,,,94.48,,,,,,NA,,
-137.58,60.77,HAINES JUNCTION,2100630,7/8/2024 12:00,2024,7,8,12:00,19.7,,7.5,,45,,,M,22,,9,,,,94.42,,,,,,NA,,
-137.58,60.77,HAINES JUNCTION,2100630,7/8/2024 13:00,2024,7,8,13:00,20.2,,7.4,,43,,,M,27,,11,,,,94.35,,,,,,NA,,
-137.58,60.77,HAINES JUNCTION,2100630,7/8/2024 14:00,2024,7,8,14:00,20.1,,7.1,,43,,,M,26,,10,,,,94.29,,,,,,NA,,
-137.58,60.77,HAINES JUNCTION,2100630,7/8/2024 15:00,2024,7,8,15:00,19.5,,7.2,,45,,,M,27,,18,,,,94.23,,,,,,NA,,
-137.58,60.77,HAINES JUNCTION,2100630,7/8/2024 16:00,2024,7,8,16:00,19.1,,6.7,,44,,,M,29,,12,,,,94.17,,,,,,NA,,
-137.58,60.77,HAINES JUNCTION,2100630,7/8/2024 17:00,2024,7,8,17:00,18.9,,6.6,,45,,,M,27,,13,,,,94.15,,,,,,NA,,
-137.58,60.77,HAINES JUNCTION,2100630,7/8/2024 18:00,2024,7,8,18:00,19.4,,7.1,,45,,,M,28,,10,,,,94.11,,,,,,NA,,
-137.58,60.77,HAINES JUNCTION,2100630,7/8/2024 19:00,2024,7,8,19:00,20.2,,5.9,,39,,,M,31,,4,,,,94.05,,,,,,NA,,
-137.58,60.77,HAINES JUNCTION,2100630,7/8/2024 20:00,2024,7,8,20:00,17.6,,5.4,,45,,,M,27,,14,,,,94.02,,,,,,NA,,
-137.58,60.77,HAINES JUNCTION,2100630,7/8/2024 21:00,2024,7,8,21:00,17.3,,4.4,,42,,,M,29,,14,,,,94.01,,,,,,NA,,
-137.58,60.77,HAINES JUNCTION,2100630,7/8/2024 22:00,2024,7,8,22:00,15.8,,3.1,,43,,,M,29,,14,,,,94.03,,,,,,NA,,
-137.58,60.77,HAINES JUNCTION,2100630,7/8/2024 23:00,2024,7,8,23:00,12.5,,4.2,,57,,,M,,,0,,,,94.03,,,,,,NA,,
-137.58,60.77,HAINES JUNCTION,2100630,7/9/2024 0:00,2024,7,9,0:00,9.2,,4.4,,72,,,M,,,0,,,,94.07,,,,,,NA,,
-137.58,60.77,HAINES JUNCTION,2100630,7/9/2024 1:00,2024,7,9,1:00,7.8,,3.2,,72,,,M,33,,3,,,,94.09,,,,,,NA,,
-137.58,60.77,HAINES JUNCTION,2100630,7/9/2024 2:00,2024,7,9,2:00,5.6,,2.9,,83,,,M,,,0,,,,94.11,,,,,,NA,,
-137.58,60.77,HAINES JUNCTION,2100630,7/9/2024 3:00,2024,7,9,3:00,6.3,,3.6,,83,,,M,,,0,,,,94.12,,,,,,NA,,
-137.58,60.77,HAINES JUNCTION,2100630,7/9/2024 4:00,2024,7,9,4:00,6.3,,3.1,,80,,,M,8,,3,,,,94.12,,,,,,NA,,
-137.58,60.77,HAINES JUNCTION,2100630,7/9/2024 5:00,2024,7,9,5:00,5,,2,,81,,,M,30,,3,,,,94.12,,,,,,NA,,
-137.58,60.77,HAINES JUNCTION,2100630,7/9/2024 6:00,2024,7,9,6:00,7.7,,4.8,,82,,,M,,,0,,,,94.13,,,,,,NA,,
-137.58,60.77,HAINES JUNCTION,2100630,7/9/2024 7:00,2024,7,9,7:00,9.7,,5.2,,74,,,M,,,0,,,,94.13,,,,,,NA,,
-137.58,60.77,HAINES JUNCTION,2100630,7/9/2024 8:00,2024,7,9,8:00,,,,,,,,,,,,,,,,,,,,,,,
-137.58,60.77,HAINES JUNCTION,2100630,7/9/2024 9:00,2024,7,9,9:00,,,,,,,,,,,,,,,,,,,,,,,
-137.58,60.77,HAINES JUNCTION,2100630,7/9/2024 10:00,2024,7,9,10:00,,,,,,,,,,,,,,,,,,,,,,,
-137.58,60.77,HAINES JUNCTION,2100630,7/9/2024 11:00,2024,7,9,11:00,,,,,,,,,,,,,,,,,,,,,,,
-137.58,60.77,HAINES JUNCTION,2100630,7/9/2024 12:00,2024,7,9,12:00,,,,,,,,,,,,,,,,,,,,,,,
-137.58,60.77,HAINES JUNCTION,2100630,7/9/2024 13:00,2024,7,9,13:00,,,,,,,,,,,,,,,,,,,,,,,
-137.58,60.77,HAINES JUNCTION,2100630,7/9/2024 14:00,2024,7,9,14:00,,,,,,,,,,,,,,,,,,,,,,,
-137.58,60.77,HAINES JUNCTION,2100630,7/9/2024 15:00,2024,7,9,15:00,21,,7.2,,41,,,M,28,,13,,,,93.86,,,,,,NA,,
-137.58,60.77,HAINES JUNCTION,2100630,7/9/2024 16:00,2024,7,9,16:00,19.5,,6.1,,42,,,M,29,,16,,,,93.87,,,,,,NA,,
-137.58,60.77,HAINES JUNCTION,2100630,7/9/2024 17:00,2024,7,9,17:00,19.3,,6.2,,42,,,M,32,,13,,,,93.86,,,,,,NA,,
-137.58,60.77,HAINES JUNCTION,2100630,7/9/2024 18:00,2024,7,9,18:00,19.4,,7.1,,45,,,M,29,,7,,,,93.85,,,,,,NA,,
-137.58,60.77,HAINES JUNCTION,2100630,7/9/2024 19:00,2024,7,9,19:00,19,,5.8,,42,,,M,30,,18,,,,93.84,,,,,,NA,,
-137.58,60.77,HAINES JUNCTION,2100630,7/9/2024 20:00,2024,7,9,20:00,17,,6,,48,,,M,27,,8,,,,93.89,,,,,,NA,,
-137.58,60.77,HAINES JUNCTION,2100630,7/9/2024 21:00,2024,7,9,21:00,16.8,,4.5,,44,,,M,30,,10,,,,93.89,,,,,,NA,,
-137.58,60.77,HAINES JUNCTION,2100630,7/9/2024 22:00,2024,7,9,22:00,13.7,,5.6,,58,,,M,35,,7,,,,93.89,,,,,,NA,,
-137.58,60.77,HAINES JUNCTION,2100630,7/9/2024 23:00,2024,7,9,23:00,13.2,,5.6,,60,,,M,3,,11,,,,93.91,,,,,,NA,,
-137.58,60.77,HAINES JUNCTION,2100630,7/10/2024 0:00,2024,7,10,0:00,12.7,,5.7,,62,,,M,35,,11,,,,93.91,,,,,,NA,,
-137.58,60.77,HAINES JUNCTION,2100630,7/10/2024 1:00,2024,7,10,1:00,10.7,,6,,73,,,M,,,0,,,,93.88,,,,,,NA,,
-137.58,60.77,HAINES JUNCTION,2100630,7/10/2024 2:00,2024,7,10,2:00,10.4,,5.8,,73,,,M,2,,5,,,,93.88,,,,,,NA,,
-137.58,60.77,HAINES JUNCTION,2100630,7/10/2024 3:00,2024,7,10,3:00,11.1,,6.2,,72,,,M,1,,8,,,,93.85,,,,,,NA,,
-137.58,60.77,HAINES JUNCTION,2100630,7/10/2024 4:00,2024,7,10,4:00,8,,5.1,,82,,,M,3,,4,,,,93.84,,,,,,NA,,
-137.58,60.77,HAINES JUNCTION,2100630,7/10/2024 5:00,2024,7,10,5:00,7,,5.1,,88,,,M,,,0,,,,93.82,,,,,,NA,,
-137.58,60.77,HAINES JUNCTION,2100630,7/10/2024 6:00,2024,7,10,6:00,8,,6.4,,90,,,M,,,0,,,,93.82,,,,,,NA,,
-137.58,60.77,HAINES JUNCTION,2100630,7/10/2024 7:00,2024,7,10,7:00,10.4,,8.4,,87,,,M,,,0,,,,93.79,,,,,,NA,,
-137.58,60.77,HAINES JUNCTION,2100630,7/10/2024 8:00,2024,7,10,8:00,,,,,,,,,,,,,,,,,,,,,,,
-137.58,60.77,HAINES JUNCTION,2100630,7/10/2024 9:00,2024,7,10,9:00,13.4,,8.6,,73,,,M,,,0,,,,93.79,,,,,,NA,,
-137.58,60.77,HAINES JUNCTION,2100630,7/10/2024 10:00,2024,7,10,10:00,14.8,,8.3,,65,,,M,,,0,,,,93.79,,,,,,NA,,
-137.58,60.77,HAINES JUNCTION,2100630,7/10/2024 11:00,2024,7,10,11:00,14.9,,8,,63,,,M,6,,4,,,,93.8,,,,,,NA,,
-137.58,60.77,HAINES JUNCTION,2100630,7/10/2024 12:00,2024,7,10,12:00,14.8,,10.1,,74,,,M,5,,4,,,,93.8,,,,,,NA,,
-137.58,60.77,HAINES JUNCTION,2100630,7/10/2024 13:00,2024,7,10,13:00,14.3,,10.2,,76,,,M,27,,6,,,,93.81,,,,,,NA,,
-137.58,60.77,HAINES JUNCTION,2100630,7/10/2024 14:00,2024,7,10,14:00,14.3,,7.4,,63,,,M,29,,10,,,,93.83,,,,,,NA,,
-137.58,60.77,HAINES JUNCTION,2100630,7/10/2024 15:00,2024,7,10,15:00,16.8,,8.6,,58,,,M,27,,5,,,,93.85,,,,,,NA,,
-137.58,60.77,HAINES JUNCTION,2100630,7/10/2024 16:00,2024,7,10,16:00,17.5,,7.4,,52,,,M,30,,5,,,,93.82,,,,,,NA,,
-137.58,60.77,HAINES JUNCTION,2100630,7/10/2024 17:00,2024,7,10,17:00,17.4,,6.6,,49,,,M,27,,12,,,,93.79,,,,,,NA,,
-137.58,60.77,HAINES JUNCTION,2100630,7/10/2024 18:00,2024,7,10,18:00,18.3,,6.3,,45,,,M,28,,10,,,,93.8,,,,,,NA,,
-137.58,60.77,HAINES JUNCTION,2100630,7/10/2024 19:00,2024,7,10,19:00,17.5,,4.9,,43,,,M,29,,9,,,,93.84,,,,,,NA,,
-137.58,60.77,HAINES JUNCTION,2100630,7/10/2024 20:00,2024,7,10,20:00,,,,,,,,,,,,,,,,,,,,,,,
-137.58,60.77,HAINES JUNCTION,2100630,7/10/2024 21:00,2024,7,10,21:00,13.7,,3.9,,52,,,M,28,,16,,,,93.93,,,,,,NA,,
-137.58,60.77,HAINES JUNCTION,2100630,7/10/2024 22:00,2024,7,10,22:00,12,,3.4,,56,,,M,27,,17,,,,93.99,,,,,,NA,,
-137.58,60.77,HAINES JUNCTION,2100630,7/10/2024 23:00,2024,7,10,23:00,10.9,,3.4,,60,,,M,26,,10,,,,94.06,,,,,,NA,,
-137.58,60.77,HAINES JUNCTION,2100630,7/11/2024 0:00,2024,7,11,0:00,5.7,,2.6,,80,,,M,,,0,,,,94.18,,,,,,NA,,
-137.58,60.77,HAINES JUNCTION,2100630,7/11/2024 1:00,2024,7,11,1:00,3.3,,2,,91,,,M,,,0,,,,94.26,,,,,,NA,,
-137.58,60.77,HAINES JUNCTION,2100630,7/11/2024 2:00,2024,7,11,2:00,2.1,,0.9,,92,,,M,,,0,,,,94.32,,,,,,NA,,
-137.58,60.77,HAINES JUNCTION,2100630,7/11/2024 3:00,2024,7,11,3:00,1.5,,0.7,,94,,,M,34,,3,,,,94.42,,,,,,NA,,
-137.58,60.77,HAINES JUNCTION,2100630,7/11/2024 4:00,2024,7,11,4:00,0.7,,-0.3,,94,,,M,,,0,,,,94.47,,,,,,NA,,
-137.58,60.77,HAINES JUNCTION,2100630,7/11/2024 5:00,2024,7,11,5:00,0.1,,-0.7,,94,,,M,9,,4,,,,94.5,,,,,,NA,,
-137.58,60.77,HAINES JUNCTION,2100630,7/11/2024 6:00,2024,7,11,6:00,1.3,,0.3,,93,,,M,,,0,,,,94.56,,,,,,NA,,
-137.58,60.77,HAINES JUNCTION,2100630,7/11/2024 7:00,2024,7,11,7:00,7.8,,4.8,,81,,,M,8,,3,,,,94.58,,,,,,NA,,
-137.58,60.77,HAINES JUNCTION,2100630,7/11/2024 8:00,2024,7,11,8:00,12.6,,4.9,,59,,,M,,,0,,,,94.59,,,,,,NA,,
-137.58,60.77,HAINES JUNCTION,2100630,7/11/2024 9:00,2024,7,11,9:00,13.8,,4.2,,52,,,M,28,,6,,,,94.63,,,,,,NA,,
-137.58,60.77,HAINES JUNCTION,2100630,7/11/2024 10:00,2024,7,11,10:00,15.1,,4.1,,47,,,M,29,,13,,,,94.63,,,,,,NA,,
-137.58,60.77,HAINES JUNCTION,2100630,7/11/2024 11:00,2024,7,11,11:00,16,,3.8,,44,,,M,27,,13,,,,94.64,,,,,,NA,,
-137.58,60.77,HAINES JUNCTION,2100630,7/11/2024 12:00,2024,7,11,12:00,17.2,,4.4,,43,,,M,26,,15,,,,94.63,,,,,,NA,,
-137.58,60.77,HAINES JUNCTION,2100630,7/11/2024 13:00,2024,7,11,13:00,17.4,,2.8,,38,,,M,27,,15,,,,94.62,,,,,,NA,,
-137.58,60.77,HAINES JUNCTION,2100630,7/11/2024 14:00,2024,7,11,14:00,17.6,,1.9,,35,,,M,28,,19,,,,94.59,,,,,,NA,,
-137.58,60.77,HAINES JUNCTION,2100630,7/11/2024 15:00,2024,7,11,15:00,,,,,,,,,,,,,,,,,,,,,,,
-137.58,60.77,HAINES JUNCTION,2100630,7/11/2024 16:00,2024,7,11,16:00,,,,,,,,,,,,,,,,,,,,,,,
-137.58,60.77,HAINES JUNCTION,2100630,7/11/2024 17:00,2024,7,11,17:00,18.1,,1.7,,33,,,M,26,,17,,,,94.59,,,,,,NA,,
-137.58,60.77,HAINES JUNCTION,2100630,7/11/2024 18:00,2024,7,11,18:00,16,,1.3,,37,,,M,26,,21,,,,94.62,,,,,,NA,,
-137.58,60.77,HAINES JUNCTION,2100630,7/11/2024 19:00,2024,7,11,19:00,15.5,,0.7,,37,,,M,28,,20,,,,94.63,,,,,,NA,,
-137.58,60.77,HAINES JUNCTION,2100630,7/11/2024 20:00,2024,7,11,20:00,14.5,,1.3,,41,,,M,31,,10,,,,94.67,,,,,,NA,,
-137.58,60.77,HAINES JUNCTION,2100630,7/11/2024 21:00,2024,7,11,21:00,12.5,,3,,52,,,M,29,,12,,,,94.74,,,,,,NA,,
-137.58,60.77,HAINES JUNCTION,2100630,7/11/2024 22:00,2024,7,11,22:00,12.3,,2.5,,51,,,M,1,,8,,,,94.78,,,,,,NA,,
-137.58,60.77,HAINES JUNCTION,2100630,7/11/2024 23:00,2024,7,11,23:00,11.4,,2.9,,56,,,M,2,,5,,,,94.8,,,,,,NA,,
-137.58,60.77,HAINES JUNCTION,2100630,7/12/2024 0:00,2024,7,12,0:00,10.9,,3.5,,60,,,M,3,,5,,,,94.82,,,,,,NA,,
-137.58,60.77,HAINES JUNCTION,2100630,7/12/2024 1:00,2024,7,12,1:00,10.5,,3.6,,62,,,M,3,,5,,,,94.81,,,,,,NA,,
-137.58,60.77,HAINES JUNCTION,2100630,7/12/2024 2:00,2024,7,12,2:00,10.5,,3.5,,62,,,M,35,,8,,,,94.83,,,,,,NA,,
-137.58,60.77,HAINES JUNCTION,2100630,7/12/2024 3:00,2024,7,12,3:00,10.2,,3.8,,65,,,M,35,,8,,,,94.83,,,,,,NA,,
-137.58,60.77,HAINES JUNCTION,2100630,7/12/2024 4:00,2024,7,12,4:00,10.1,,3.8,,65,,,M,36,,10,,,,94.81,,,,,,NA,,
-137.58,60.77,HAINES JUNCTION,2100630,7/12/2024 5:00,2024,7,12,5:00,10,,4,,66,,,M,2,,8,,,,94.81,,,,,,NA,,
-137.58,60.77,HAINES JUNCTION,2100630,7/12/2024 6:00,2024,7,12,6:00,10.3,,4.7,,68,,,M,33,,5,,,,94.8,,,,,,NA,,
-137.58,60.77,HAINES JUNCTION,2100630,7/12/2024 7:00,2024,7,12,7:00,10.8,,5.6,,70,,,M,30,,6,,,,94.79,,,,,,NA,,
-137.58,60.77,HAINES JUNCTION,2100630,7/12/2024 8:00,2024,7,12,8:00,13.2,,4.8,,57,,,M,30,,10,,,,94.79,,,,,,NA,,
-137.58,60.77,HAINES JUNCTION,2100630,7/12/2024 9:00,2024,7,12,9:00,13.2,,5.4,,59,,,M,28,,11,,,,94.78,,,,,,NA,,
-137.58,60.77,HAINES JUNCTION,2100630,7/12/2024 10:00,2024,7,12,10:00,14,,5.9,,58,,,M,27,,9,,,,94.76,,,,,,NA,,
-137.58,60.77,HAINES JUNCTION,2100630,7/12/2024 11:00,2024,7,12,11:00,13.9,,5.8,,58,,,M,28,,11,,,,94.74,,,,,,NA,,
-137.58,60.77,HAINES JUNCTION,2100630,7/12/2024 12:00,2024,7,12,12:00,15.7,,6.1,,53,,,M,28,,8,,,,94.71,,,,,,NA,,
-137.58,60.77,HAINES JUNCTION,2100630,7/12/2024 13:00,2024,7,12,13:00,17,,5.3,,46,,,M,30,,10,,,,94.64,,,,,,NA,,
-137.58,60.77,HAINES JUNCTION,2100630,7/12/2024 14:00,2024,7,12,14:00,20.2,,4.2,,35,,,M,17,,3,,,,94.59,,,,,,NA,,
-137.58,60.77,HAINES JUNCTION,2100630,7/12/2024 15:00,2024,7,12,15:00,17.4,,2.9,,38,,,M,28,,14,,,,94.55,,,,,,NA,,
-137.58,60.77,HAINES JUNCTION,2100630,7/12/2024 16:00,2024,7,12,16:00,17.7,,2.6,,36,,,M,27,,14,,,,94.48,,,,,,NA,,
-137.58,60.77,HAINES JUNCTION,2100630,7/12/2024 17:00,2024,7,12,17:00,19.6,,2.9,,33,,,M,23,,16,,,,94.49,,,,,,NA,,
-137.58,60.77,HAINES JUNCTION,2100630,7/12/2024 18:00,2024,7,12,18:00,18.2,,2.2,,34,,,M,24,,17,,,,94.46,,,,,,NA,,
-137.58,60.77,HAINES JUNCTION,2100630,7/12/2024 19:00,2024,7,12,19:00,17.3,,3.3,,39,,,M,26,,15,,,,94.47,,,,,,NA,,
-137.58,60.77,HAINES JUNCTION,2100630,7/12/2024 20:00,2024,7,12,20:00,15.6,,2.9,,43,,,M,26,,14,,,,94.47,,,,,,NA,,
-137.58,60.77,HAINES JUNCTION,2100630,7/12/2024 21:00,2024,7,12,21:00,13.9,,3.1,,48,,,M,27,,19,,,,94.47,,,,,,NA,,
-137.58,60.77,HAINES JUNCTION,2100630,7/12/2024 22:00,2024,7,12,22:00,12.5,,2.9,,52,,,M,28,,18,,,,94.47,,,,,,NA,,
-137.58,60.77,HAINES JUNCTION,2100630,7/12/2024 23:00,2024,7,12,23:00,11.6,,3,,56,,,M,25,,12,,,,94.51,,,,,,NA,,
-137.58,60.77,HAINES JUNCTION,2100630,7/13/2024 0:00,2024,7,13,0:00,9.2,,2.7,,64,,,M,,,0,,,,94.51,,,,,,NA,,
-137.58,60.77,HAINES JUNCTION,2100630,7/13/2024 1:00,2024,7,13,1:00,6.1,,2.2,,76,,,M,8,,3,,,,94.5,,,,,,NA,,
-137.58,60.77,HAINES JUNCTION,2100630,7/13/2024 2:00,2024,7,13,2:00,3.9,,1.6,,85,,,M,,,0,,,,94.48,,,,,,NA,,
-137.58,60.77,HAINES JUNCTION,2100630,7/13/2024 3:00,2024,7,13,3:00,3.2,,1.2,,86,,,M,,,0,,,,94.45,,,,,,NA,,
-137.58,60.77,HAINES JUNCTION,2100630,7/13/2024 4:00,2024,7,13,4:00,2.6,,0.9,,88,,,M,,,0,,,,94.4,,,,,,NA,,
-137.58,60.77,HAINES JUNCTION,2100630,7/13/2024 5:00,2024,7,13,5:00,2.2,,0.6,,90,,,M,7,,3,,,,94.4,,,,,,NA,,
-137.58,60.77,HAINES JUNCTION,2100630,7/13/2024 6:00,2024,7,13,6:00,5.5,,3.6,,88,,,M,,,0,,,,94.37,,,,,,NA,,
-137.58,60.77,HAINES JUNCTION,2100630,7/13/2024 7:00,2024,7,13,7:00,7.7,,5.2,,84,,,M,,,0,,,,94.38,,,,,,NA,,
-137.58,60.77,HAINES JUNCTION,2100630,7/13/2024 8:00,2024,7,13,8:00,11.3,,5.2,,66,,,M,25,,4,,,,94.34,,,,,,NA,,
-137.58,60.77,HAINES JUNCTION,2100630,7/13/2024 9:00,2024,7,13,9:00,14.1,,4.6,,53,,,M,,,0,,,,94.29,,,,,,NA,,
-137.58,60.77,HAINES JUNCTION,2100630,7/13/2024 10:00,2024,7,13,10:00,15.9,,4.3,,46,,,M,26,,4,,,,94.25,,,,,,NA,,
-137.58,60.77,HAINES JUNCTION,2100630,7/13/2024 11:00,2024,7,13,11:00,16.3,,4.6,,46,,,M,23,,9,,,,94.21,,,,,,NA,,
-137.58,60.77,HAINES JUNCTION,2100630,7/13/2024 12:00,2024,7,13,12:00,15.7,,4.8,,49,,,M,35,,6,,,,94.18,,,,,,NA,,
-137.58,60.77,HAINES JUNCTION,2100630,7/13/2024 13:00,2024,7,13,13:00,15.4,,6.2,,54,,,M,34,,11,,,,94.14,,,,,,NA,,
-137.58,60.77,HAINES JUNCTION,2100630,7/13/2024 14:00,2024,7,13,14:00,15.2,,6,,54,,,M,36,,18,,,,94.1,,,,,,NA,,
-137.58,60.77,HAINES JUNCTION,2100630,7/13/2024 15:00,2024,7,13,15:00,15.6,,6.7,,55,,,M,36,,17,,,,94.07,,,,,,NA,,
-137.58,60.77,HAINES JUNCTION,2100630,7/13/2024 16:00,2024,7,13,16:00,14.8,,6.3,,57,,,M,4,,15,,,,94.03,,,,,,NA,,
-137.58,60.77,HAINES JUNCTION,2100630,7/13/2024 17:00,2024,7,13,17:00,13.9,,7.1,,64,,,M,36,,9,,,,94.04,,,,,,NA,,
-137.58,60.77,HAINES JUNCTION,2100630,7/13/2024 18:00,2024,7,13,18:00,12.9,,7.3,,68,,,M,1,,12,,,,94,,,,,,NA,,
-137.58,60.77,HAINES JUNCTION,2100630,7/13/2024 19:00,2024,7,13,19:00,13,,7.2,,68,,,M,34,,12,,,,93.96,,,,,,NA,,
-137.58,60.77,HAINES JUNCTION,2100630,7/13/2024 20:00,2024,7,13,20:00,13.1,,6.9,,66,,,M,35,,10,,,,93.91,,,,,,NA,,
-137.58,60.77,HAINES JUNCTION,2100630,7/13/2024 21:00,2024,7,13,21:00,13.2,,6.6,,64,,,M,2,,13,,,,93.86,,,,,,NA,,
-137.58,60.77,HAINES JUNCTION,2100630,7/13/2024 22:00,2024,7,13,22:00,12.9,,6.3,,65,,,M,1,,12,,,,93.82,,,,,,NA,,
-137.58,60.77,HAINES JUNCTION,2100630,7/13/2024 23:00,2024,7,13,23:00,12.9,,6.2,,63,,,M,1,,13,,,,93.8,,,,,,NA,,
-137.58,60.77,HAINES JUNCTION,2100630,7/14/2024 0:00,2024,7,14,0:00,13.6,,6.1,,61,,,M,35,,13,,,,93.74,,,,,,NA,,
-137.58,60.77,HAINES JUNCTION,2100630,7/14/2024 1:00,2024,7,14,1:00,13,,6.1,,63,,,M,35,,9,,,,93.75,,,,,,NA,,
-137.58,60.77,HAINES JUNCTION,2100630,7/14/2024 2:00,2024,7,14,2:00,13.1,,6.2,,63,,,M,1,,17,,,,93.71,,,,,,NA,,
-137.58,60.77,HAINES JUNCTION,2100630,7/14/2024 3:00,2024,7,14,3:00,13.2,,6.3,,63,,,M,2,,12,,,,93.67,,,,,,NA,,
-137.58,60.77,HAINES JUNCTION,2100630,7/14/2024 4:00,2024,7,14,4:00,12.7,,6.3,,65,,,M,34,,13,,,,93.65,,,,,,NA,,
-137.58,60.77,HAINES JUNCTION,2100630,7/14/2024 5:00,2024,7,14,5:00,13,,6.4,,64,,,M,1,,14,,,,93.63,,,,,,NA,,
-137.58,60.77,HAINES JUNCTION,2100630,7/14/2024 6:00,2024,7,14,6:00,13.2,,6.6,,64,,,M,2,,17,,,,93.58,,,,,,NA,,
-137.58,60.77,HAINES JUNCTION,2100630,7/14/2024 7:00,2024,7,14,7:00,13.5,,7,,64,,,M,3,,13,,,,93.6,,,,,,NA,,
-137.58,60.77,HAINES JUNCTION,2100630,7/14/2024 8:00,2024,7,14,8:00,13.6,,7.4,,66,,,M,2,,10,,,,93.55,,,,,,NA,,
-137.58,60.77,HAINES JUNCTION,2100630,7/14/2024 9:00,2024,7,14,9:00,15.1,,7.7,,61,,,M,1,,11,,,,93.58,,,,,,NA,,
-137.58,60.77,HAINES JUNCTION,2100630,7/14/2024 10:00,2024,7,14,10:00,15.8,,7.3,,57,,,M,26,,11,,,,93.6,,,,,,NA,,
-137.58,60.77,HAINES JUNCTION,2100630,7/14/2024 11:00,2024,7,14,11:00,16.9,,7.3,,53,,,M,28,,23,,,,93.6,,,,,,NA,,
-137.58,60.77,HAINES JUNCTION,2100630,7/14/2024 12:00,2024,7,14,12:00,19.1,,6.6,,44,,,M,26,,11,,,,93.6,,,,,,NA,,
-137.58,60.77,HAINES JUNCTION,2100630,7/14/2024 13:00,2024,7,14,13:00,20.7,,7.3,,42,,,M,25,,15,,,,93.61,,,,,,NA,,
-137.58,60.77,HAINES JUNCTION,2100630,7/14/2024 14:00,2024,7,14,14:00,21.8,,7.7,,40,,,M,24,,16,,,,93.67,,,,,,NA,,
-137.58,60.77,HAINES JUNCTION,2100630,7/14/2024 15:00,2024,7,14,15:00,21.9,,8,,41,,,M,24,,16,,,,93.69,,,,,,NA,,
-137.58,60.77,HAINES JUNCTION,2100630,7/14/2024 16:00,2024,7,14,16:00,22,,7.7,,40,,,M,23,,16,,,,93.7,,,,,,NA,,
-137.58,60.77,HAINES JUNCTION,2100630,7/14/2024 17:00,2024,7,14,17:00,19.5,,7.5,,46,,,M,17,,7,,,,93.72,,,,,,NA,,
-137.58,60.77,HAINES JUNCTION,2100630,7/14/2024 18:00,2024,7,14,18:00,18.8,,7.7,,48,,,M,32,,7,,,,93.78,,,,,,NA,,
-137.58,60.77,HAINES JUNCTION,2100630,7/14/2024 19:00,2024,7,14,19:00,17.3,,7.6,,53,,,M,32,,11,,,,93.78,,,,,,NA,,
-137.58,60.77,HAINES JUNCTION,2100630,7/14/2024 20:00,2024,7,14,20:00,16.4,,7.6,,56,,,M,34,,6,,,,93.82,,,,,,NA,,
-137.58,60.77,HAINES JUNCTION,2100630,7/14/2024 21:00,2024,7,14,21:00,15.4,,7,,57,,,M,30,,11,,,,93.84,,,,,,NA,,
-137.58,60.77,HAINES JUNCTION,2100630,7/14/2024 22:00,2024,7,14,22:00,15.4,,6.8,,56,,,M,32,,5,,,,93.85,,,,,,NA,,
-137.58,60.77,HAINES JUNCTION,2100630,7/14/2024 23:00,2024,7,14,23:00,14.5,,6.5,,59,,,M,28,,10,,,,93.87,,,,,,NA,,
-137.58,60.77,HAINES JUNCTION,2100630,7/15/2024 0:00,2024,7,15,0:00,13.7,,6.6,,62,,,M,29,,5,,,,93.87,,,,,,NA,,
-137.58,60.77,HAINES JUNCTION,2100630,7/15/2024 1:00,2024,7,15,1:00,13.9,,6.2,,60,,,M,3,,5,,,,93.88,,,,,,NA,,
-137.58,60.77,HAINES JUNCTION,2100630,7/15/2024 2:00,2024,7,15,2:00,13.5,,6.1,,61,,,M,2,,11,,,,93.88,,,,,,NA,,
-137.58,60.77,HAINES JUNCTION,2100630,7/15/2024 3:00,2024,7,15,3:00,13.2,,6,,62,,,M,4,,8,,,,93.91,,,,,,NA,,
-137.58,60.77,HAINES JUNCTION,2100630,7/15/2024 4:00,2024,7,15,4:00,12.6,,5.9,,64,,,M,2,,9,,,,93.94,,,,,,NA,,
-137.58,60.77,HAINES JUNCTION,2100630,7/15/2024 5:00,2024,7,15,5:00,12.5,,5.9,,64,,,M,3,,11,,,,93.93,,,,,,NA,,
-137.58,60.77,HAINES JUNCTION,2100630,7/15/2024 6:00,2024,7,15,6:00,12.6,,6.2,,65,,,M,3,,7,,,,93.95,,,,,,NA,,
-137.58,60.77,HAINES JUNCTION,2100630,7/15/2024 7:00,2024,7,15,7:00,13.6,,6.7,,63,,,M,1,,9,,,,93.99,,,,,,NA,,
-137.58,60.77,HAINES JUNCTION,2100630,7/15/2024 8:00,2024,7,15,8:00,14.7,,6.9,,59,,,M,35,,10,,,,94,,,,,,NA,,
-137.58,60.77,HAINES JUNCTION,2100630,7/15/2024 9:00,2024,7,15,9:00,16.2,,7.1,,55,,,M,33,,10,,,,94,,,,,,NA,,
-137.58,60.77,HAINES JUNCTION,2100630,7/15/2024 10:00,2024,7,15,10:00,16.2,,7.3,,55,,,M,31,,13,,,,94,,,,,,NA,,
-137.58,60.77,HAINES JUNCTION,2100630,7/15/2024 11:00,2024,7,15,11:00,15.8,,7.3,,57,,,M,33,,10,,,,93.98,,,,,,NA,,
-137.58,60.77,HAINES JUNCTION,2100630,7/15/2024 12:00,2024,7,15,12:00,16.6,,8.5,,59,,,M,30,,6,,,,93.96,,,,,,NA,,
-137.58,60.77,HAINES JUNCTION,2100630,7/15/2024 13:00,2024,7,15,13:00,16.2,,7.6,,57,,,M,28,,11,,,,93.96,,,,,,NA,,
-137.58,60.77,HAINES JUNCTION,2100630,7/15/2024 14:00,2024,7,15,14:00,16.4,,7.9,,57,,,M,31,,8,,,,93.97,,,,,,NA,,
-137.58,60.77,HAINES JUNCTION,2100630,7/15/2024 15:00,2024,7,15,15:00,14.9,,7.2,,60,,,M,27,,13,,,,93.99,,,,,,NA,,
-137.58,60.77,HAINES JUNCTION,2100630,7/15/2024 16:00,2024,7,15,16:00,16.2,,8.7,,61,,,M,20,,3,,,,94.02,,,,,,NA,,
-137.58,60.77,HAINES JUNCTION,2100630,7/15/2024 17:00,2024,7,15,17:00,16,,7.7,,58,,,M,27,,7,,,,94.01,,,,,,NA,,
-137.58,60.77,HAINES JUNCTION,2100630,7/15/2024 18:00,2024,7,15,18:00,16.6,,6.9,,53,,,M,30,,8,,,,94.01,,,,,,NA,,
-137.58,60.77,HAINES JUNCTION,2100630,7/15/2024 19:00,2024,7,15,19:00,15.7,,7.2,,57,,,M,7,,6,,,,93.99,,,,,,NA,,
-137.58,60.77,HAINES JUNCTION,2100630,7/15/2024 20:00,2024,7,15,20:00,15.8,,6.5,,54,,,M,34,,4,,,,93.96,,,,,,NA,,
-137.58,60.77,HAINES JUNCTION,2100630,7/15/2024 21:00,2024,7,15,21:00,15.6,,5.9,,52,,,M,27,,6,,,,93.95,,,,,,NA,,
-137.58,60.77,HAINES JUNCTION,2100630,7/15/2024 22:00,2024,7,15,22:00,13.8,,5.5,,57,,,M,34,,5,,,,93.99,,,,,,NA,,
-137.58,60.77,HAINES JUNCTION,2100630,7/15/2024 23:00,2024,7,15,23:00,11.7,,5.6,,66,,,M,3,,5,,,,94.04,,,,,,NA,,
-137.58,60.77,HAINES JUNCTION,2100630,7/16/2024 0:00,2024,7,16,0:00,11.3,,5.4,,67,,,M,24,,4,,,,94.08,,,,,,NA,,
-137.58,60.77,HAINES JUNCTION,2100630,7/16/2024 1:00,2024,7,16,1:00,10.2,,5.5,,73,,,M,2,,7,,,,94.1,,,,,,NA,,
-137.58,60.77,HAINES JUNCTION,2100630,7/16/2024 2:00,2024,7,16,2:00,9.9,,5.3,,73,,,M,5,,12,,,,94.13,,,,,,NA,,
-137.58,60.77,HAINES JUNCTION,2100630,7/16/2024 3:00,2024,7,16,3:00,10.8,,5.6,,70,,,M,2,,10,,,,94.14,,,,,,NA,,
-137.58,60.77,HAINES JUNCTION,2100630,7/16/2024 4:00,2024,7,16,4:00,10.2,,5.1,,70,,,M,3,,8,,,,94.15,,,,,,NA,,
-137.58,60.77,HAINES JUNCTION,2100630,7/16/2024 5:00,2024,7,16,5:00,8.8,,4.9,,77,,,M,36,,6,,,,94.21,,,,,,NA,,
-137.58,60.77,HAINES JUNCTION,2100630,7/16/2024 6:00,2024,7,16,6:00,8.5,,5.7,,82,,,M,,,0,,,,94.23,,,,,,NA,,
-137.58,60.77,HAINES JUNCTION,2100630,7/16/2024 7:00,2024,7,16,7:00,10.7,,6.7,,76,,,M,30,,7,,,,94.24,,,,,,NA,,
-137.58,60.77,HAINES JUNCTION,2100630,7/16/2024 8:00,2024,7,16,8:00,13,,5.6,,60,,,M,1,,10,,,,94.25,,,,,,NA,,
-137.58,60.77,HAINES JUNCTION,2100630,7/16/2024 9:00,2024,7,16,9:00,15,,5.6,,53,,,M,34,,9,,,,94.26,,,,,,NA,,
-137.58,60.77,HAINES JUNCTION,2100630,7/16/2024 10:00,2024,7,16,10:00,15.4,,4.3,,47,,,M,28,,10,,,,94.25,,,,,,NA,,
-137.58,60.77,HAINES JUNCTION,2100630,7/16/2024 11:00,2024,7,16,11:00,14.6,,4.2,,50,,,M,27,,10,,,,94.26,,,,,,NA,,
-137.58,60.77,HAINES JUNCTION,2100630,7/16/2024 12:00,2024,7,16,12:00,15.5,,3.2,,44,,,M,28,,10,,,,94.23,,,,,,NA,,
-137.58,60.77,HAINES JUNCTION,2100630,7/16/2024 13:00,2024,7,16,13:00,16.1,,3.5,,43,,,M,25,,5,,,,94.23,,,,,,NA,,
-137.58,60.77,HAINES JUNCTION,2100630,7/16/2024 14:00,2024,7,16,14:00,16.3,,2.8,,40,,,M,24,,4,,,,94.23,,,,,,NA,,
-137.58,60.77,HAINES JUNCTION,2100630,7/16/2024 15:00,2024,7,16,15:00,16,,5.1,,48,,,M,16,,3,,,,94.2,,,,,,NA,,
-137.58,60.77,HAINES JUNCTION,2100630,7/16/2024 16:00,2024,7,16,16:00,16.2,,0.3,,34,,,M,17,,9,,,,94.19,,,,,,NA,,
-137.58,60.77,HAINES JUNCTION,2100630,7/16/2024 17:00,2024,7,16,17:00,18.3,,2.2,,34,,,M,22,,12,,,,94.15,,,,,,NA,,
-137.58,60.77,HAINES JUNCTION,2100630,7/16/2024 18:00,2024,7,16,18:00,15.2,,1.5,,39,,,M,34,,7,,,,94.14,,,,,,NA,,
-137.58,60.77,HAINES JUNCTION,2100630,7/16/2024 19:00,2024,7,16,19:00,16,,-1,,31,,,M,29,,15,,,,94.14,,,,,,NA,,
-137.58,60.77,HAINES JUNCTION,2100630,7/16/2024 20:00,2024,7,16,20:00,14.2,,1.9,,43,,,M,27,,18,,,,94.14,,,,,,NA,,
-137.58,60.77,HAINES JUNCTION,2100630,7/16/2024 21:00,2024,7,16,21:00,13.4,,1,,43,,,M,27,,15,,,,94.17,,,,,,NA,,
-137.58,60.77,HAINES JUNCTION,2100630,7/16/2024 22:00,2024,7,16,22:00,12.7,,0.8,,44,,,M,26,,15,,,,94.21,,,,,,NA,,
-137.58,60.77,HAINES JUNCTION,2100630,7/16/2024 23:00,2024,7,16,23:00,10.5,,1.9,,55,,,M,24,,5,,,,94.24,,,,,,NA,,
-137.58,60.77,HAINES JUNCTION,2100630,7/17/2024 0:00,2024,7,17,0:00,6.9,,1.9,,71,,,M,2,,3,,,,94.27,,,,,,NA,,
-137.58,60.77,HAINES JUNCTION,2100630,7/17/2024 1:00,2024,7,17,1:00,6.9,,1.7,,69,,,M,2,,7,,,,94.27,,,,,,NA,,
-137.58,60.77,HAINES JUNCTION,2100630,7/17/2024 2:00,2024,7,17,2:00,4,,0.9,,80,,,M,,,0,,,,94.27,,,,,,NA,,
-137.58,60.77,HAINES JUNCTION,2100630,7/17/2024 3:00,2024,7,17,3:00,2.8,,0.4,,84,,,M,,,0,,,,94.26,,,,,,NA,,
-137.58,60.77,HAINES JUNCTION,2100630,7/17/2024 4:00,2024,7,17,4:00,3.3,,1.6,,89,,,M,,,0,,,,94.25,,,,,,NA,,
-137.58,60.77,HAINES JUNCTION,2100630,7/17/2024 5:00,2024,7,17,5:00,4.7,,2.3,,84,,,M,35,,3,,,,94.24,,,,,,NA,,
-137.58,60.77,HAINES JUNCTION,2100630,7/17/2024 6:00,2024,7,17,6:00,5.1,,3.4,,89,,,M,,,0,,,,94.21,,,,,,NA,,
-137.58,60.77,HAINES JUNCTION,2100630,7/17/2024 7:00,2024,7,17,7:00,6.7,,4.3,,85,,,M,,,0,,,,94.17,,,,,,NA,,
-137.58,60.77,HAINES JUNCTION,2100630,7/17/2024 8:00,2024,7,17,8:00,7.9,,4.7,,80,,,M,,,0,,,,94.16,,,,,,NA,,
-137.58,60.77,HAINES JUNCTION,2100630,7/17/2024 9:00,2024,7,17,9:00,8.2,,4.8,,79,,,M,,,0,,,,94.13,,,,,,NA,,
-137.58,60.77,HAINES JUNCTION,2100630,7/17/2024 10:00,2024,7,17,10:00,8.8,,5.9,,83,,,M,,,0,,,,94.08,,,,,,NA,,
-137.58,60.77,HAINES JUNCTION,2100630,7/17/2024 11:00,2024,7,17,11:00,9,,5.9,,81,,,M,,,0,,,,94.04,,,,,,NA,,
-137.58,60.77,HAINES JUNCTION,2100630,7/17/2024 12:00,2024,7,17,12:00,9.4,,6.4,,82,,,M,,,0,,,,94.05,,,,,,NA,,
-137.58,60.77,HAINES JUNCTION,2100630,7/17/2024 13:00,2024,7,17,13:00,11.3,,7.9,,80,,,M,,,0,,,,94.03,,,,,,NA,,
-137.58,60.77,HAINES JUNCTION,2100630,7/17/2024 14:00,2024,7,17,14:00,12.4,,6.1,,66,,,M,,,0,,,,94.02,,,,,,NA,,
-137.58,60.77,HAINES JUNCTION,2100630,7/17/2024 15:00,2024,7,17,15:00,13.2,,6,,62,,,M,17,,6,,,,93.98,,,,,,NA,,
-137.58,60.77,HAINES JUNCTION,2100630,7/17/2024 16:00,2024,7,17,16:00,14.6,,5.1,,53,,,M,12,,3,,,,93.96,,,,,,NA,,
-137.58,60.77,HAINES JUNCTION,2100630,7/17/2024 17:00,2024,7,17,17:00,16,,6.6,,53,,,M,8,,4,,,,93.95,,,,,,NA,,
-137.58,60.77,HAINES JUNCTION,2100630,7/17/2024 18:00,2024,7,17,18:00,15.6,,6.5,,55,,,M,7,,5,,,,93.96,,,,,,NA,,
-137.58,60.77,HAINES JUNCTION,2100630,7/17/2024 19:00,2024,7,17,19:00,16.2,,6.5,,53,,,M,33,,4,,,,93.99,,,,,,NA,,
-137.58,60.77,HAINES JUNCTION,2100630,7/17/2024 20:00,2024,7,17,20:00,15.2,,5.7,,53,,,M,32,,6,,,,94.01,,,,,,NA,,
-137.58,60.77,HAINES JUNCTION,2100630,7/17/2024 21:00,2024,7,17,21:00,13.5,,5.2,,57,,,M,28,,8,,,,94.04,,,,,,NA,,
-137.58,60.77,HAINES JUNCTION,2100630,7/17/2024 22:00,2024,7,17,22:00,11.5,,4.1,,60,,,M,27,,9,,,,94.11,,,,,,NA,,
-137.58,60.77,HAINES JUNCTION,2100630,7/17/2024 23:00,2024,7,17,23:00,8.9,,3.8,,70,,,M,30,,4,,,,94.16,,,,,,NA,,
-137.58,60.77,HAINES JUNCTION,2100630,7/18/2024 0:00,2024,7,18,0:00,4.6,,2.6,,87,,,M,,,0,,,,94.26,,,,,,NA,,
-137.58,60.77,HAINES JUNCTION,2100630,7/18/2024 1:00,2024,7,18,1:00,3,,2.1,,94,,,M,,,0,,,,94.31,,,,,,NA,,
-137.58,60.77,HAINES JUNCTION,2100630,7/18/2024 2:00,2024,7,18,2:00,1.9,,1.1,,94,,,M,,,0,,,,94.38,,,,,,NA,,
-137.58,60.77,HAINES JUNCTION,2100630,7/18/2024 3:00,2024,7,18,3:00,1.1,,0.3,,95,,,M,,,0,,,,94.43,,,,,,NA,,
-137.58,60.77,HAINES JUNCTION,2100630,7/18/2024 4:00,2024,7,18,4:00,0.4,,-0.2,,95,,,M,,,0,,,,94.5,,,,,,NA,,
-137.58,60.77,HAINES JUNCTION,2100630,7/18/2024 5:00,2024,7,18,5:00,-0.2,,-0.6,,97,,,M,10,,6,,,,94.54,,,,-2,,NA,,
-137.58,60.77,HAINES JUNCTION,2100630,7/18/2024 6:00,2024,7,18,6:00,2.5,,1.2,,91,,,M,,,0,,,,94.59,,,,,,NA,,
-137.58,60.77,HAINES JUNCTION,2100630,7/18/2024 7:00,2024,7,18,7:00,7.3,,3.8,,78,,,M,,,0,,,,94.6,,,,,,NA,,
-137.58,60.77,HAINES JUNCTION,2100630,7/18/2024 8:00,2024,7,18,8:00,10.8,,5.3,,68,,,M,,,0,,,,94.62,,,,,,NA,,
-137.58,60.77,HAINES JUNCTION,2100630,7/18/2024 9:00,2024,7,18,9:00,11.9,,4,,59,,,M,,,0,,,,94.64,,,,,,NA,,
-137.58,60.77,HAINES JUNCTION,2100630,7/18/2024 10:00,2024,7,18,10:00,13.9,,5.3,,56,,,M,33,,4,,,,94.64,,,,,,NA,,
-137.58,60.77,HAINES JUNCTION,2100630,7/18/2024 11:00,2024,7,18,11:00,15.8,,4.9,,48,,,M,,,0,,,,94.61,,,,,,NA,,
-137.58,60.77,HAINES JUNCTION,2100630,7/18/2024 12:00,2024,7,18,12:00,17.6,,6.1,,47,,,M,24,,7,,,,94.61,,,,,,NA,,
-137.58,60.77,HAINES JUNCTION,2100630,7/18/2024 13:00,2024,7,18,13:00,18.5,,5.3,,42,,,M,24,,7,,,,94.58,,,,,,NA,,
-137.58,60.77,HAINES JUNCTION,2100630,7/18/2024 14:00,2024,7,18,14:00,19.5,,5.2,,39,,,M,26,,9,,,,94.57,,,,,,NA,,
-137.58,60.77,HAINES JUNCTION,2100630,7/18/2024 15:00,2024,7,18,15:00,19.9,,3.9,,35,,,M,24,,9,,,,94.55,,,,,,NA,,
-137.58,60.77,HAINES JUNCTION,2100630,7/18/2024 16:00,2024,7,18,16:00,18.9,,3.1,,35,,,M,28,,11,,,,94.55,,,,,,NA,,
-137.58,60.77,HAINES JUNCTION,2100630,7/18/2024 17:00,2024,7,18,17:00,18.4,,3.2,,36,,,M,27,,10,,,,94.55,,,,,,NA,,
-137.58,60.77,HAINES JUNCTION,2100630,7/18/2024 18:00,2024,7,18,18:00,17.6,,2.2,,36,,,M,27,,12,,,,94.55,,,,,,NA,,
-137.58,60.77,HAINES JUNCTION,2100630,7/18/2024 19:00,2024,7,18,19:00,17.7,,2.9,,37,,,M,26,,11,,,,94.55,,,,,,NA,,
-137.58,60.77,HAINES JUNCTION,2100630,7/18/2024 20:00,2024,7,18,20:00,16.5,,2.6,,39,,,M,27,,10,,,,94.56,,,,,,NA,,
-137.58,60.77,HAINES JUNCTION,2100630,7/18/2024 21:00,2024,7,18,21:00,15.4,,3.2,,44,,,M,27,,7,,,,94.59,,,,,,NA,,
-137.58,60.77,HAINES JUNCTION,2100630,7/18/2024 22:00,2024,7,18,22:00,12.6,,2.8,,51,,,M,,,0,,,,94.64,,,,,,NA,,
-137.58,60.77,HAINES JUNCTION,2100630,7/18/2024 23:00,2024,7,18,23:00,8,,3.3,,72,,,M,,,0,,,,94.7,,,,,,NA,,
-137.58,60.77,HAINES JUNCTION,2100630,7/19/2024 0:00,2024,7,19,0:00,10.1,,2.3,,58,,,M,1,,5,,,,94.76,,,,,,NA,,
-137.58,60.77,HAINES JUNCTION,2100630,7/19/2024 1:00,2024,7,19,1:00,7.8,,2.1,,67,,,M,,,0,,,,94.79,,,,,,NA,,
-137.58,60.77,HAINES JUNCTION,2100630,7/19/2024 2:00,2024,7,19,2:00,5.9,,2,,76,,,M,,,0,,,,94.84,,,,,,NA,,
-137.58,60.77,HAINES JUNCTION,2100630,7/19/2024 3:00,2024,7,19,3:00,4,,1.2,,82,,,M,,,0,,,,94.87,,,,,,NA,,
-137.58,60.77,HAINES JUNCTION,2100630,7/19/2024 4:00,2024,7,19,4:00,3.4,,1.5,,87,,,M,,,0,,,,94.92,,,,,,NA,,
-137.58,60.77,HAINES JUNCTION,2100630,7/19/2024 5:00,2024,7,19,5:00,3.2,,1.6,,89,,,M,,,0,,,,94.97,,,,,,NA,,
-137.58,60.77,HAINES JUNCTION,2100630,7/19/2024 6:00,2024,7,19,6:00,3.1,,1.4,,89,,,M,,,0,,,,95.02,,,,,,NA,,
-137.58,60.77,HAINES JUNCTION,2100630,7/19/2024 7:00,2024,7,19,7:00,6.2,,3.8,,84,,,M,,,0,,,,95.04,,,,,,NA,,
-137.58,60.77,HAINES JUNCTION,2100630,7/19/2024 8:00,2024,7,19,8:00,10.3,,5.2,,71,,,M,24,,6,,,,95.04,,,,,,NA,,
-137.58,60.77,HAINES JUNCTION,2100630,7/19/2024 9:00,2024,7,19,9:00,13.9,,4.4,,53,,,M,,,0,,,,95.01,,,,,,NA,,
-137.58,60.77,HAINES JUNCTION,2100630,7/19/2024 10:00,2024,7,19,10:00,16.6,,5.9,,49,,,M,17,,5,,,,94.99,,,,,,NA,,
-137.58,60.77,HAINES JUNCTION,2100630,7/19/2024 11:00,2024,7,19,11:00,18.9,,6.2,,43,,,M,9,,3,,,,94.97,,,,,,NA,,
-137.58,60.77,HAINES JUNCTION,2100630,7/19/2024 12:00,2024,7,19,12:00,19.7,,6.1,,41,,,M,19,,7,,,,94.96,,,,,,NA,,
-137.58,60.77,HAINES JUNCTION,2100630,7/19/2024 13:00,2024,7,19,13:00,19.2,,5.4,,40,,,M,19,,7,,,,94.96,,,,,,NA,,
-137.58,60.77,HAINES JUNCTION,2100630,7/19/2024 14:00,2024,7,19,14:00,19.2,,4.9,,39,,,M,17,,6,,,,94.96,,,,,,NA,,
-137.58,60.77,HAINES JUNCTION,2100630,7/19/2024 15:00,2024,7,19,15:00,19.1,,4.8,,39,,,M,,,0,,,,94.99,,,,,,NA,,
-137.58,60.77,HAINES JUNCTION,2100630,7/19/2024 16:00,2024,7,19,16:00,19.7,,3.4,,34,,,M,17,,5,,,,95,,,,,,NA,,
-137.58,60.77,HAINES JUNCTION,2100630,7/19/2024 17:00,2024,7,19,17:00,20,,5.9,,40,,,M,18,,5,,,,94.99,,,,,,NA,,
-137.58,60.77,HAINES JUNCTION,2100630,7/19/2024 18:00,2024,7,19,18:00,19.9,,5.5,,39,,,M,16,,7,,,,95,,,,,,NA,,
-137.58,60.77,HAINES JUNCTION,2100630,7/19/2024 19:00,2024,7,19,19:00,18.9,,7.5,,47,,,M,13,,3,,,,95.01,,,,,,NA,,
-137.58,60.77,HAINES JUNCTION,2100630,7/19/2024 20:00,2024,7,19,20:00,18,,7.2,,49,,,M,31,,3,,,,95.03,,,,,,NA,,
-137.58,60.77,HAINES JUNCTION,2100630,7/19/2024 21:00,2024,7,19,21:00,16.9,,6,,48,,,M,33,,8,,,,95.07,,,,,,NA,,
-137.58,60.77,HAINES JUNCTION,2100630,7/19/2024 22:00,2024,7,19,22:00,14.9,,7.2,,60,,,M,1,,8,,,,95.12,,,,,,NA,,
-137.58,60.77,HAINES JUNCTION,2100630,7/19/2024 23:00,2024,7,19,23:00,14,,7.2,,64,,,M,36,,6,,,,95.15,,,,,,NA,,
-137.58,60.77,HAINES JUNCTION,2100630,7/20/2024 0:00,2024,7,20,0:00,13.4,,7.6,,68,,,M,35,,4,,,,95.2,,,,,,NA,,
-137.58,60.77,HAINES JUNCTION,2100630,7/20/2024 1:00,2024,7,20,1:00,12.8,,7.7,,71,,,M,1,,5,,,,95.22,,,,,,NA,,
-137.58,60.77,HAINES JUNCTION,2100630,7/20/2024 2:00,2024,7,20,2:00,11.1,,7.2,,77,,,M,34,,7,,,,95.23,,,,,,NA,,
-137.58,60.77,HAINES JUNCTION,2100630,7/20/2024 3:00,2024,7,20,3:00,10.5,,7.1,,79,,,M,34,,5,,,,95.25,,,,,,NA,,
-137.58,60.77,HAINES JUNCTION,2100630,7/20/2024 4:00,2024,7,20,4:00,9.6,,7.2,,85,,,M,,,0,,,,95.28,,,,,,NA,,
-137.58,60.77,HAINES JUNCTION,2100630,7/20/2024 5:00,2024,7,20,5:00,9.5,,7.4,,87,,,M,,,0,,,,95.3,,,,,,NA,,
-137.58,60.77,HAINES JUNCTION,2100630,7/20/2024 6:00,2024,7,20,6:00,10.6,,8.7,,88,,,M,,,0,,,,95.32,,,,,,NA,,
-137.58,60.77,HAINES JUNCTION,2100630,7/20/2024 7:00,2024,7,20,7:00,12.4,,8.7,,78,,,M,,,0,,,,95.34,,,,,,NA,,
-137.58,60.77,HAINES JUNCTION,2100630,7/20/2024 8:00,2024,7,20,8:00,14.2,,9.5,,73,,,M,21,,3,,,,95.33,,,,,,NA,,
-137.58,60.77,HAINES JUNCTION,2100630,7/20/2024 9:00,2024,7,20,9:00,16,,9,,63,,,M,,,0,,,,95.34,,,,,,NA,,
-137.58,60.77,HAINES JUNCTION,2100630,7/20/2024 10:00,2024,7,20,10:00,17.2,,9.1,,59,,,M,28,,4,,,,95.33,,,,,,NA,,
-137.58,60.77,HAINES JUNCTION,2100630,7/20/2024 11:00,2024,7,20,11:00,18.8,,8.8,,52,,,M,26,,5,,,,95.32,,,,,,NA,,
-137.58,60.77,HAINES JUNCTION,2100630,7/20/2024 12:00,2024,7,20,12:00,21.3,,9.4,,46,,,M,24,,5,,,,95.29,,,,,,NA,,
-137.58,60.77,HAINES JUNCTION,2100630,7/20/2024 13:00,2024,7,20,13:00,22.4,,9.9,,45,,,M,24,,7,,,,95.25,,,,,,NA,,
-137.58,60.77,HAINES JUNCTION,2100630,7/20/2024 14:00,2024,7,20,14:00,22.2,,8.6,,42,,,M,24,,8,,,,95.23,,,,,,NA,,
-137.58,60.77,HAINES JUNCTION,2100630,7/20/2024 15:00,2024,7,20,15:00,24.2,,9.2,,39,,,M,26,,7,,,,95.18,,25,,,,NA,,
-137.58,60.77,HAINES JUNCTION,2100630,7/20/2024 16:00,2024,7,20,16:00,24.3,,8.8,,37,,,M,25,,10,,,,95.14,,25,,,,NA,,
-137.58,60.77,HAINES JUNCTION,2100630,7/20/2024 17:00,2024,7,20,17:00,24.9,,9.9,,39,,,M,27,,8,,,,95.13,,26,,,,NA,,
-137.58,60.77,HAINES JUNCTION,2100630,7/20/2024 18:00,2024,7,20,18:00,24.5,,9.3,,38,,,M,26,,7,,,,95.09,,25,,,,NA,,
-137.58,60.77,HAINES JUNCTION,2100630,7/20/2024 19:00,2024,7,20,19:00,22.4,,9.5,,44,,,M,28,,10,,,,95.09,,,,,,NA,,
-137.58,60.77,HAINES JUNCTION,2100630,7/20/2024 20:00,2024,7,20,20:00,21.3,,9.4,,47,,,M,29,,6,,,,95.09,,,,,,NA,,
-137.58,60.77,HAINES JUNCTION,2100630,7/20/2024 21:00,2024,7,20,21:00,20,,9.4,,50,,,M,3,,9,,,,95.13,,,,,,NA,,
-137.58,60.77,HAINES JUNCTION,2100630,7/20/2024 22:00,2024,7,20,22:00,18.5,,9,,54,,,M,2,,8,,,,95.18,,,,,,NA,,
-137.58,60.77,HAINES JUNCTION,2100630,7/20/2024 23:00,2024,7,20,23:00,15.9,,9.6,,66,,,M,10,,3,,,,95.19,,,,,,NA,,
-137.58,60.77,HAINES JUNCTION,2100630,7/21/2024 0:00,2024,7,21,0:00,14.4,,8.9,,70,,,M,27,,3,,,,95.2,,,,,,NA,,
-137.58,60.77,HAINES JUNCTION,2100630,7/21/2024 1:00,2024,7,21,1:00,12.5,,8.1,,75,,,M,1,,3,,,,95.18,,,,,,NA,,
-137.58,60.77,HAINES JUNCTION,2100630,7/21/2024 2:00,2024,7,21,2:00,13.7,,9.2,,74,,,M,32,,8,,,,95.2,,,,,,NA,,
-137.58,60.77,HAINES JUNCTION,2100630,7/21/2024 3:00,2024,7,21,3:00,10.9,,9.1,,89,,,M,,,0,,,,95.22,,,,,,NA,,
-137.58,60.77,HAINES JUNCTION,2100630,7/21/2024 4:00,2024,7,21,4:00,10.2,,8.9,,91,,,M,,,0,,,,95.22,,,,,,NA,,
-137.58,60.77,HAINES JUNCTION,2100630,7/21/2024 5:00,2024,7,21,5:00,9.8,,8.4,,91,,,M,,,0,,,,95.24,,,,,,NA,,
-137.58,60.77,HAINES JUNCTION,2100630,7/21/2024 6:00,2024,7,21,6:00,10.9,,8.9,,88,,,M,,,0,,,,95.23,,,,,,NA,,
-137.58,60.77,HAINES JUNCTION,2100630,7/21/2024 7:00,2024,7,21,7:00,13.9,,9.9,,77,,,M,,,0,,,,95.21,,,,,,NA,,
-137.58,60.77,HAINES JUNCTION,2100630,7/21/2024 8:00,2024,7,21,8:00,15.9,,10.5,,70,,,M,22,,3,,,,95.19,,,,,,NA,,
-137.58,60.77,HAINES JUNCTION,2100630,7/21/2024 9:00,2024,7,21,9:00,17.8,,10.3,,62,,,M,22,,3,,,,95.14,,,,,,NA,,
-137.58,60.77,HAINES JUNCTION,2100630,7/21/2024 10:00,2024,7,21,10:00,20,,10.3,,54,,,M,15,,3,,,,95.07,,,,,,NA,,
-137.58,60.77,HAINES JUNCTION,2100630,7/21/2024 11:00,2024,7,21,11:00,22.5,,11.2,,49,,,M,,,0,,,,95.03,,,,,,NA,,
-137.58,60.77,HAINES JUNCTION,2100630,7/21/2024 12:00,2024,7,21,12:00,24.7,,10.8,,42,,,M,15,,5,,,,94.96,,26,,,,NA,,
-137.58,60.77,HAINES JUNCTION,2100630,7/21/2024 13:00,2024,7,21,13:00,24.8,,11.7,,44,,,M,19,,5,,,,94.9,,27,,,,NA,,
-137.58,60.77,HAINES JUNCTION,2100630,7/21/2024 14:00,2024,7,21,14:00,26.5,,10.4,,36,,,M,20,,8,,,,94.82,,28,,,,NA,,
-137.58,60.77,HAINES JUNCTION,2100630,7/21/2024 15:00,2024,7,21,15:00,27.3,,10.1,,34,,,M,26,,7,,,,94.74,,29,,,,NA,,
-137.58,60.77,HAINES JUNCTION,2100630,7/21/2024 16:00,2024,7,21,16:00,27.7,,9.8,,33,,,M,21,,9,,,,94.63,,29,,,,NA,,
-137.58,60.77,HAINES JUNCTION,2100630,7/21/2024 17:00,2024,7,21,17:00,27.8,,9.1,,31,,,M,24,,8,,,,94.55,,29,,,,NA,,
-137.58,60.77,HAINES JUNCTION,2100630,7/21/2024 18:00,2024,7,21,18:00,25.7,,12.6,,44,,,M,27,,5,,,,94.49,,28,,,,NA,,
-137.58,60.77,HAINES JUNCTION,2100630,7/21/2024 19:00,2024,7,21,19:00,27.9,,11,,35,,,M,24,,8,,,,94.4,,30,,,,NA,,
-137.58,60.77,HAINES JUNCTION,2100630,7/21/2024 20:00,2024,7,21,20:00,17.3,,13.3,,78,,,M,10,,13,,,,94.66,,,,,,NA,,
-137.58,60.77,HAINES JUNCTION,2100630,7/21/2024 21:00,2024,7,21,21:00,16.2,,13.7,,85,,,M,35,,12,,,,94.7,,,,,,NA,,
-137.58,60.77,HAINES JUNCTION,2100630,7/21/2024 22:00,2024,7,21,22:00,15.4,,14.1,,92,,,M,17,,4,,,,94.77,,,,,,NA,,
-137.58,60.77,HAINES JUNCTION,2100630,7/21/2024 23:00,2024,7,21,23:00,15.1,,14.4,,96,,,M,28,,5,,,,94.78,,,,,,NA,,
-137.58,60.77,HAINES JUNCTION,2100630,7/22/2024 0:00,2024,7,22,0:00,14.8,,14.2,,96,,,M,26,,5,,,,94.8,,,,,,NA,,
-137.58,60.77,HAINES JUNCTION,2100630,7/22/2024 1:00,2024,7,22,1:00,14.5,,14.1,,97,,,M,,,0,,,,94.78,,,,,,NA,,
-137.58,60.77,HAINES JUNCTION,2100630,7/22/2024 2:00,2024,7,22,2:00,14.4,,13.8,,96,,,M,33,,5,,,,94.75,,,,,,NA,,
-137.58,60.77,HAINES JUNCTION,2100630,7/22/2024 3:00,2024,7,22,3:00,13.9,,13,,94,,,M,30,,3,,,,94.73,,,,,,NA,,
-137.58,60.77,HAINES JUNCTION,2100630,7/22/2024 4:00,2024,7,22,4:00,13.7,,13.1,,96,,,M,,,0,,,,94.71,,,,,,NA,,
-137.58,60.77,HAINES JUNCTION,2100630,7/22/2024 5:00,2024,7,22,5:00,13,,12.2,,95,,,M,34,,3,,,,94.7,,,,,,NA,,
-137.58,60.77,HAINES JUNCTION,2100630,7/22/2024 6:00,2024,7,22,6:00,12.7,,11.9,,95,,,M,36,,6,,,,94.72,,,,,,NA,,
-137.58,60.77,HAINES JUNCTION,2100630,7/22/2024 7:00,2024,7,22,7:00,12.6,,11.7,,94,,,M,1,,7,,,,94.69,,,,,,NA,,
-137.58,60.77,HAINES JUNCTION,2100630,7/22/2024 8:00,2024,7,22,8:00,12.7,,11.9,,95,,,M,34,,5,,,,94.71,,,,,,NA,,
-137.58,60.77,HAINES JUNCTION,2100630,7/22/2024 9:00,2024,7,22,9:00,12.7,,11.7,,94,,,M,32,,4,,,,94.74,,,,,,NA,,
-137.58,60.77,HAINES JUNCTION,2100630,7/22/2024 10:00,2024,7,22,10:00,13,,11.8,,92,,,M,,,0,,,,94.75,,,,,,NA,,
-137.58,60.77,HAINES JUNCTION,2100630,7/22/2024 11:00,2024,7,22,11:00,13.9,,12.7,,92,,,M,,,0,,,,94.76,,,,,,NA,,
-137.58,60.77,HAINES JUNCTION,2100630,7/22/2024 12:00,2024,7,22,12:00,14.8,,13,,89,,,M,26,,3,,,,94.75,,,,,,NA,,
-137.58,60.77,HAINES JUNCTION,2100630,7/22/2024 13:00,2024,7,22,13:00,16.9,,13.8,,82,,,M,,,0,,,,94.75,,,,,,NA,,
-137.58,60.77,HAINES JUNCTION,2100630,7/22/2024 14:00,2024,7,22,14:00,16.9,,12.6,,76,,,M,30,,5,,,,94.74,,,,,,NA,,
-137.58,60.77,HAINES JUNCTION,2100630,7/22/2024 15:00,2024,7,22,15:00,18.1,,12.2,,68,,,M,28,,6,,,,94.7,,,,,,NA,,
-137.58,60.77,HAINES JUNCTION,2100630,7/22/2024 16:00,2024,7,22,16:00,19.6,,12.2,,62,,,M,25,,9,,,,94.67,,,,,,NA,,
-137.58,60.77,HAINES JUNCTION,2100630,7/22/2024 17:00,2024,7,22,17:00,18.4,,11.4,,64,,,M,27,,6,,,,94.67,,,,,,NA,,
-137.58,60.77,HAINES JUNCTION,2100630,7/22/2024 18:00,2024,7,22,18:00,19.7,,11.2,,58,,,M,31,,4,,,,94.63,,,,,,NA,,
-137.58,60.77,HAINES JUNCTION,2100630,7/22/2024 19:00,2024,7,22,19:00,19.8,,11.2,,57,,,M,28,,9,,,,94.62,,,,,,NA,,
-137.58,60.77,HAINES JUNCTION,2100630,7/22/2024 20:00,2024,7,22,20:00,18.1,,10.7,,62,,,M,29,,8,,,,94.58,,,,,,NA,,
-137.58,60.77,HAINES JUNCTION,2100630,7/22/2024 21:00,2024,7,22,21:00,15.5,,9.1,,66,,,M,3,,6,,,,94.57,,,,,,NA,,
-137.58,60.77,HAINES JUNCTION,2100630,7/22/2024 22:00,2024,7,22,22:00,13.1,,8.7,,75,,,M,36,,6,,,,94.64,,,,,,NA,,
-137.58,60.77,HAINES JUNCTION,2100630,7/22/2024 23:00,2024,7,22,23:00,11.3,,8,,80,,,M,35,,5,,,,94.64,,,,,,NA,,
-137.58,60.77,HAINES JUNCTION,2100630,7/23/2024 0:00,2024,7,23,0:00,11,,7.8,,80,,,M,,,0,,,,94.65,,,,,,NA,,
-137.58,60.77,HAINES JUNCTION,2100630,7/23/2024 1:00,2024,7,23,1:00,10.8,,7.7,,81,,,M,27,,8,,,,94.63,,,,,,NA,,
-137.58,60.77,HAINES JUNCTION,2100630,7/23/2024 2:00,2024,7,23,2:00,9.5,,7.1,,85,,,M,23,,5,,,,94.59,,,,,,NA,,
-137.58,60.77,HAINES JUNCTION,2100630,7/23/2024 3:00,2024,7,23,3:00,11.4,,7.8,,78,,,M,29,,13,,,,94.59,,,,,,NA,,
-137.58,60.77,HAINES JUNCTION,2100630,7/23/2024 4:00,2024,7,23,4:00,9.7,,7.6,,87,,,M,25,,7,,,,94.55,,,,,,NA,,
-137.58,60.77,HAINES JUNCTION,2100630,7/23/2024 5:00,2024,7,23,5:00,9.6,,8.1,,90,,,M,25,,4,,,,94.52,,,,,,NA,,
-137.58,60.77,HAINES JUNCTION,2100630,7/23/2024 6:00,2024,7,23,6:00,9.8,,8.6,,92,,,M,,,0,,,,94.52,,,,,,NA,,
-137.58,60.77,HAINES JUNCTION,2100630,7/23/2024 7:00,2024,7,23,7:00,10.8,,9.1,,89,,,M,,,0,,,,94.44,,,,,,NA,,
-137.58,60.77,HAINES JUNCTION,2100630,7/23/2024 8:00,2024,7,23,8:00,14.8,,11.7,,82,,,M,15,,3,,,,94.4,,,,,,NA,,
-137.58,60.77,HAINES JUNCTION,2100630,7/23/2024 9:00,2024,7,23,9:00,16.5,,12.1,,75,,,M,3,,7,,,,94.41,,,,,,NA,,
-137.58,60.77,HAINES JUNCTION,2100630,7/23/2024 10:00,2024,7,23,10:00,17.6,,12,,70,,,M,3,,6,,,,94.41,,,,,,NA,,
-137.58,60.77,HAINES JUNCTION,2100630,7/23/2024 11:00,2024,7,23,11:00,18.3,,11.7,,65,,,M,31,,12,,,,94.37,,,,,,NA,,
-137.58,60.77,HAINES JUNCTION,2100630,7/23/2024 12:00,2024,7,23,12:00,18.8,,11.5,,62,,,M,31,,11,,,,94.36,,,,,,NA,,
-137.58,60.77,HAINES JUNCTION,2100630,7/23/2024 13:00,2024,7,23,13:00,20.2,,10.9,,55,,,M,30,,19,,,,94.31,,,,,,NA,,
-137.58,60.77,HAINES JUNCTION,2100630,7/23/2024 14:00,2024,7,23,14:00,22.1,,11.3,,50,,,M,30,,19,,,,94.24,,,,,,NA,,
-137.58,60.77,HAINES JUNCTION,2100630,7/23/2024 15:00,2024,7,23,15:00,22.5,,11.3,,49,,,M,30,,20,,,,94.25,,,,,,NA,,
-137.58,60.77,HAINES JUNCTION,2100630,7/23/2024 16:00,2024,7,23,16:00,22.2,,10.8,,48,,,M,31,,17,,,,94.27,,,,,,NA,,
-137.58,60.77,HAINES JUNCTION,2100630,7/23/2024 17:00,2024,7,23,17:00,22.4,,10.6,,47,,,M,30,,15,,,,94.29,,,,,,NA,,
-137.58,60.77,HAINES JUNCTION,2100630,7/23/2024 18:00,2024,7,23,18:00,22.5,,11,,48,,,M,31,,14,,,,94.29,,,,,,NA,,
-137.58,60.77,HAINES JUNCTION,2100630,7/23/2024 19:00,2024,7,23,19:00,22.7,,11.3,,49,,,M,31,,9,,,,94.31,,25,,,,NA,,
-137.58,60.77,HAINES JUNCTION,2100630,7/23/2024 20:00,2024,7,23,20:00,22.6,,11.1,,48,,,M,31,,20,,,,94.3,,,,,,NA,,
-137.58,60.77,HAINES JUNCTION,2100630,7/23/2024 21:00,2024,7,23,21:00,22.2,,11.4,,51,,,M,31,,21,,,,94.32,,,,,,NA,,
-137.58,60.77,HAINES JUNCTION,2100630,7/23/2024 22:00,2024,7,23,22:00,21.7,,11.7,,53,,,M,31,,15,,,,94.35,,,,,,NA,,
-137.58,60.77,HAINES JUNCTION,2100630,7/23/2024 23:00,2024,7,23,23:00,21.6,,12,,54,,,M,31,,12,,,,94.44,,,,,,NA,,
-137.58,60.77,HAINES JUNCTION,2100630,7/24/2024 0:00,2024,7,24,0:00,20.8,,12,,57,,,M,1,,5,,,,94.48,,,,,,NA,,
-137.58,60.77,HAINES JUNCTION,2100630,7/24/2024 1:00,2024,7,24,1:00,21.1,,12.1,,56,,,M,35,,11,,,,94.49,,,,,,NA,,
-137.58,60.77,HAINES JUNCTION,2100630,7/24/2024 2:00,2024,7,24,2:00,20.5,,12.3,,59,,,M,2,,6,,,,94.52,,,,,,NA,,
-137.58,60.77,HAINES JUNCTION,2100630,7/24/2024 3:00,2024,7,24,3:00,20.7,,12.1,,58,,,M,36,,9,,,,94.5,,,,,,NA,,
-137.58,60.77,HAINES JUNCTION,2100630,7/24/2024 4:00,2024,7,24,4:00,19.5,,12.2,,62,,,M,1,,11,,,,94.51,,,,,,NA,,
-137.58,60.77,HAINES JUNCTION,2100630,7/24/2024 5:00,2024,7,24,5:00,18,,11,,64,,,M,34,,7,,,,94.55,,,,,,NA,,
-137.58,60.77,HAINES JUNCTION,2100630,7/24/2024 6:00,2024,7,24,6:00,15.6,,11.4,,76,,,M,,,0,,,,94.57,,,,,,NA,,
-137.58,60.77,HAINES JUNCTION,2100630,7/24/2024 7:00,2024,7,24,7:00,16.4,,11.3,,72,,,M,28,,5,,,,94.56,,,,,,NA,,
-137.58,60.77,HAINES JUNCTION,2100630,7/24/2024 8:00,2024,7,24,8:00,17.9,,11.4,,66,,,M,29,,6,,,,94.58,,,,,,NA,,
-137.58,60.77,HAINES JUNCTION,2100630,7/24/2024 9:00,2024,7,24,9:00,19.1,,11.9,,63,,,M,30,,5,,,,94.58,,,,,,NA,,
-137.58,60.77,HAINES JUNCTION,2100630,7/24/2024 10:00,2024,7,24,10:00,22.1,,13.3,,58,,,M,,,0,,,,94.55,,25,,,,NA,,
-137.58,60.77,HAINES JUNCTION,2100630,7/24/2024 11:00,2024,7,24,11:00,24.1,,14.5,,55,,,M,24,,4,,,,94.52,,28,,,,NA,,
-137.58,60.77,HAINES JUNCTION,2100630,7/24/2024 12:00,2024,7,24,12:00,26,,14.1,,48,,,M,23,,6,,,,94.48,,29,,,,NA,,
-137.58,60.77,HAINES JUNCTION,2100630,7/24/2024 13:00,2024,7,24,13:00,27.8,,14.3,,44,,,M,24,,7,,,,94.44,,31,,,,NA,,
-137.58,60.77,HAINES JUNCTION,2100630,7/24/2024 14:00,2024,7,24,14:00,28.6,,14.1,,41,,,M,21,,8,,,,94.39,,32,,,,NA,,
-137.58,60.77,HAINES JUNCTION,2100630,7/24/2024 15:00,2024,7,24,15:00,28.2,,14.8,,44,,,M,27,,6,,,,94.37,,32,,,,NA,,
-137.58,60.77,HAINES JUNCTION,2100630,7/24/2024 16:00,2024,7,24,16:00,25.7,,13.8,,48,,,M,32,,15,,,,94.36,,29,,,,NA,,
-137.58,60.77,HAINES JUNCTION,2100630,7/24/2024 17:00,2024,7,24,17:00,25.9,,13.6,,47,,,M,31,,10,,,,94.32,,29,,,,NA,,
-137.58,60.77,HAINES JUNCTION,2100630,7/24/2024 18:00,2024,7,24,18:00,25.8,,13.2,,46,,,M,29,,11,,,,94.32,,29,,,,NA,,
-137.58,60.77,HAINES JUNCTION,2100630,7/24/2024 19:00,2024,7,24,19:00,23.5,,11.5,,47,,,M,30,,6,,,,94.38,,26,,,,NA,,
-137.58,60.77,HAINES JUNCTION,2100630,7/24/2024 20:00,2024,7,24,20:00,21.6,,12.4,,56,,,M,27,,7,,,,94.42,,,,,,NA,,
-137.58,60.77,HAINES JUNCTION,2100630,7/24/2024 21:00,2024,7,24,21:00,19.5,,12.1,,62,,,M,2,,4,,,,94.42,,,,,,NA,,
-137.58,60.77,HAINES JUNCTION,2100630,7/24/2024 22:00,2024,7,24,22:00,18.1,,11,,63,,,M,1,,9,,,,94.45,,,,,,NA,,
-137.58,60.77,HAINES JUNCTION,2100630,7/24/2024 23:00,2024,7,24,23:00,17,,10.3,,65,,,M,1,,10,,,,94.5,,,,,,NA,,
-137.58,60.77,HAINES JUNCTION,2100630,7/25/2024 0:00,2024,7,25,0:00,16.2,,10.1,,67,,,M,36,,9,,,,94.57,,,,,,NA,,
-137.58,60.77,HAINES JUNCTION,2100630,7/25/2024 1:00,2024,7,25,1:00,15,,9.6,,70,,,M,36,,9,,,,94.63,,,,,,NA,,
-137.58,60.77,HAINES JUNCTION,2100630,7/25/2024 2:00,2024,7,25,2:00,14.2,,9.4,,73,,,M,36,,5,,,,94.66,,,,,,NA,,
-137.58,60.77,HAINES JUNCTION,2100630,7/25/2024 3:00,2024,7,25,3:00,13.6,,9.3,,75,,,M,4,,6,,,,94.71,,,,,,NA,,
-137.58,60.77,HAINES JUNCTION,2100630,7/25/2024 4:00,2024,7,25,4:00,13.5,,8.9,,74,,,M,34,,7,,,,94.71,,,,,,NA,,
-137.58,60.77,HAINES JUNCTION,2100630,7/25/2024 5:00,2024,7,25,5:00,13.1,,8.6,,74,,,M,36,,8,,,,94.76,,,,,,NA,,
-137.58,60.77,HAINES JUNCTION,2100630,7/25/2024 6:00,2024,7,25,6:00,12.8,,8.7,,76,,,M,36,,9,,,,94.82,,,,,,NA,,
-137.58,60.77,HAINES JUNCTION,2100630,7/25/2024 7:00,2024,7,25,7:00,12.3,,8.7,,79,,,M,2,,7,,,,94.86,,,,,,NA,,
-137.58,60.77,HAINES JUNCTION,2100630,7/25/2024 8:00,2024,7,25,8:00,11.8,,10.4,,91,,,M,34,,3,,,,94.86,,,,,,NA,,
-137.58,60.77,HAINES JUNCTION,2100630,7/25/2024 9:00,2024,7,25,9:00,12.6,,10.7,,88,,,M,,,0,,,,94.86,,,,,,NA,,
-137.58,60.77,HAINES JUNCTION,2100630,7/25/2024 10:00,2024,7,25,10:00,13.2,,10.2,,82,,,M,35,,6,,,,94.87,,,,,,NA,,
-137.58,60.77,HAINES JUNCTION,2100630,7/25/2024 11:00,2024,7,25,11:00,14,,10.3,,78,,,M,35,,4,,,,94.88,,,,,,NA,,
-137.58,60.77,HAINES JUNCTION,2100630,7/25/2024 12:00,2024,7,25,12:00,14.6,,11.3,,81,,,M,28,,5,,,,94.88,,,,,,NA,,
-137.58,60.77,HAINES JUNCTION,2100630,7/25/2024 13:00,2024,7,25,13:00,15.2,,11,,76,,,M,,,0,,,,94.87,,,,,,NA,,
-137.58,60.77,HAINES JUNCTION,2100630,7/25/2024 14:00,2024,7,25,14:00,16.7,,11.6,,72,,,M,30,,4,,,,94.84,,,,,,NA,,
-137.58,60.77,HAINES JUNCTION,2100630,7/25/2024 15:00,2024,7,25,15:00,18.3,,12,,67,,,M,17,,4,,,,94.78,,,,,,NA,,
-137.58,60.77,HAINES JUNCTION,2100630,7/25/2024 16:00,2024,7,25,16:00,18.8,,11.8,,64,,,M,24,,6,,,,94.73,,,,,,NA,,
-137.58,60.77,HAINES JUNCTION,2100630,7/25/2024 17:00,2024,7,25,17:00,19.3,,12.3,,64,,,M,28,,4,,,,94.7,,,,,,NA,,
-137.58,60.77,HAINES JUNCTION,2100630,7/25/2024 18:00,2024,7,25,18:00,17.7,,10.5,,63,,,M,27,,8,,,,94.68,,,,,,NA,,
-137.58,60.77,HAINES JUNCTION,2100630,7/25/2024 19:00,2024,7,25,19:00,19.2,,11,,59,,,M,27,,8,,,,94.64,,,,,,NA,,
-137.58,60.77,HAINES JUNCTION,2100630,7/25/2024 20:00,2024,7,25,20:00,17.6,,9.9,,61,,,M,31,,5,,,,94.64,,,,,,NA,,
-137.58,60.77,HAINES JUNCTION,2100630,7/25/2024 21:00,2024,7,25,21:00,15.7,,8.9,,64,,,M,29,,7,,,,94.63,,,,,,NA,,
-137.58,60.77,HAINES JUNCTION,2100630,7/25/2024 22:00,2024,7,25,22:00,13.5,,7.9,,69,,,M,1,,7,,,,94.66,,,,,,NA,,
-137.58,60.77,HAINES JUNCTION,2100630,7/25/2024 23:00,2024,7,25,23:00,12.8,,7.1,,68,,,M,1,,10,,,,94.67,,,,,,NA,,
-137.58,60.77,HAINES JUNCTION,2100630,7/26/2024 0:00,2024,7,26,0:00,11.7,,7.1,,73,,,M,36,,8,,,,94.68,,,,,,NA,,
-137.58,60.77,HAINES JUNCTION,2100630,7/26/2024 1:00,2024,7,26,1:00,11.1,,6.6,,74,,,M,1,,10,,,,94.7,,,,,,NA,,
-137.58,60.77,HAINES JUNCTION,2100630,7/26/2024 2:00,2024,7,26,2:00,10.8,,6.4,,74,,,M,36,,8,,,,94.72,,,,,,NA,,
-137.58,60.77,HAINES JUNCTION,2100630,7/26/2024 3:00,2024,7,26,3:00,7.4,,5.6,,88,,,M,,,0,,,,94.7,,,,,,NA,,
-137.58,60.77,HAINES JUNCTION,2100630,7/26/2024 4:00,2024,7,26,4:00,7.5,,6.5,,93,,,M,35,,5,,,,94.67,,,,,,NA,,
-137.58,60.77,HAINES JUNCTION,2100630,7/26/2024 5:00,2024,7,26,5:00,5.5,,4.5,,93,,,M,,,0,,,,94.64,,,,,,NA,,
-137.58,60.77,HAINES JUNCTION,2100630,7/26/2024 6:00,2024,7,26,6:00,5.5,,4.9,,96,,,M,,,0,,,,94.62,,,,,,NA,,
-137.58,60.77,HAINES JUNCTION,2100630,7/26/2024 7:00,2024,7,26,7:00,6.8,,6.3,,96,,,M,,,0,,,,94.6,,,,,,NA,,
-137.58,60.77,HAINES JUNCTION,2100630,7/26/2024 8:00,2024,7,26,8:00,10.5,,8.8,,89,,,M,25,,3,,,,94.55,,,,,,NA,,
-137.58,60.77,HAINES JUNCTION,2100630,7/26/2024 9:00,2024,7,26,9:00,12.3,,8.3,,76,,,M,25,,4,,,,94.49,,,,,,NA,,
-137.58,60.77,HAINES JUNCTION,2100630,7/26/2024 10:00,2024,7,26,10:00,14.1,,8.2,,68,,,M,27,,5,,,,94.43,,,,,,NA,,
-137.58,60.77,HAINES JUNCTION,2100630,7/26/2024 11:00,2024,7,26,11:00,15.9,,8.1,,60,,,M,28,,8,,,,94.36,,,,,,NA,,
-137.58,60.77,HAINES JUNCTION,2100630,7/26/2024 12:00,2024,7,26,12:00,17,,7.9,,55,,,M,26,,12,,,,94.27,,,,,,NA,,
-137.58,60.77,HAINES JUNCTION,2100630,7/26/2024 13:00,2024,7,26,13:00,18,,7.4,,50,,,M,26,,12,,,,94.17,,,,,,NA,,
-137.58,60.77,HAINES JUNCTION,2100630,7/26/2024 14:00,2024,7,26,14:00,17.3,,6.7,,50,,,M,26,,18,,,,94.09,,,,,,NA,,
-137.58,60.77,HAINES JUNCTION,2100630,7/26/2024 15:00,2024,7,26,15:00,18.4,,6.9,,47,,,M,26,,19,,,,93.99,,,,,,NA,,
-137.58,60.77,HAINES JUNCTION,2100630,7/26/2024 16:00,2024,7,26,16:00,17.6,,6.6,,48,,,M,27,,18,,,,93.9,,,,,,NA,,
-137.58,60.77,HAINES JUNCTION,2100630,7/26/2024 17:00,2024,7,26,17:00,18.8,,7.4,,47,,,M,26,,18,,,,93.81,,,,,,NA,,
-137.58,60.77,HAINES JUNCTION,2100630,7/26/2024 18:00,2024,7,26,18:00,16.8,,6.3,,50,,,M,27,,15,,,,93.76,,,,,,NA,,
-137.58,60.77,HAINES JUNCTION,2100630,7/26/2024 19:00,2024,7,26,19:00,16.4,,6.6,,52,,,M,27,,15,,,,93.7,,,,,,NA,,
-137.58,60.77,HAINES JUNCTION,2100630,7/26/2024 20:00,2024,7,26,20:00,16,,6.6,,54,,,M,26,,18,,,,93.68,,,,,,NA,,
-137.58,60.77,HAINES JUNCTION,2100630,7/26/2024 21:00,2024,7,26,21:00,14.4,,6.4,,58,,,M,27,,14,,,,93.64,,,,,,NA,,
-137.58,60.77,HAINES JUNCTION,2100630,7/26/2024 22:00,2024,7,26,22:00,13.7,,6.3,,61,,,M,26,,11,,,,93.62,,,,,,NA,,
-137.58,60.77,HAINES JUNCTION,2100630,7/26/2024 23:00,2024,7,26,23:00,12.8,,6.6,,66,,,M,,,0,,,,93.61,,,,,,NA,,
-137.58,60.77,HAINES JUNCTION,2100630,7/27/2024 0:00,2024,7,27,0:00,11.7,,7.5,,75,,,M,26,,3,,,,93.6,,,,,,NA,,
-137.58,60.77,HAINES JUNCTION,2100630,7/27/2024 1:00,2024,7,27,1:00,10.5,,8.8,,90,,,M,,,0,,,,93.58,,,,,,NA,,8
-137.58,60.77,HAINES JUNCTION,2100630,7/27/2024 2:00,2024,7,27,2:00,9.1,,8.2,,94,,,M,16,,4,,,,93.61,,,,,,NA,,
-137.58,60.77,HAINES JUNCTION,2100630,7/27/2024 3:00,2024,7,27,3:00,8,,6.7,,91,,,M,,,0,,,,93.62,,,,,,NA,,
-137.58,60.77,HAINES JUNCTION,2100630,7/27/2024 4:00,2024,7,27,4:00,7.8,,7.1,,95,,,M,,,0,,,,93.64,,,,,,NA,,
-137.58,60.77,HAINES JUNCTION,2100630,7/27/2024 5:00,2024,7,27,5:00,7.5,,6.5,,93,,,M,,,0,,,,93.65,,,,,,NA,,
-137.58,60.77,HAINES JUNCTION,2100630,7/27/2024 6:00,2024,7,27,6:00,5.6,,5,,96,,,M,,,0,,,,93.66,,,,,,NA,,
-137.58,60.77,HAINES JUNCTION,2100630,7/27/2024 7:00,2024,7,27,7:00,10.1,,8,,87,,,M,,,0,,,,93.66,,,,,,NA,,
-137.58,60.77,HAINES JUNCTION,2100630,7/27/2024 8:00,2024,7,27,8:00,12.3,,8.3,,77,,,M,25,,4,,,,93.64,,,,,,NA,,
-137.58,60.77,HAINES JUNCTION,2100630,7/27/2024 9:00,2024,7,27,9:00,15.1,,7.7,,61,,,M,,,0,,,,93.62,,,,,,NA,,
-137.58,60.77,HAINES JUNCTION,2100630,7/27/2024 10:00,2024,7,27,10:00,16.2,,7.4,,56,,,M,,,0,,,,93.61,,,,,,NA,,
-137.58,60.77,HAINES JUNCTION,2100630,7/27/2024 11:00,2024,7,27,11:00,16,,6.9,,55,,,M,32,,9,,,,93.58,,,,,,NA,,
-137.58,60.77,HAINES JUNCTION,2100630,7/27/2024 12:00,2024,7,27,12:00,17.4,,7.7,,53,,,M,26,,10,,,,93.52,,,,,,NA,,
-137.58,60.77,HAINES JUNCTION,2100630,7/27/2024 13:00,2024,7,27,13:00,18.7,,8.1,,50,,,M,20,,7,,,,93.46,,,,,,NA,,
-137.58,60.77,HAINES JUNCTION,2100630,7/27/2024 14:00,2024,7,27,14:00,19.6,,8.4,,48,,,M,26,,12,,,,93.39,,,,,,NA,,
-137.58,60.77,HAINES JUNCTION,2100630,7/27/2024 15:00,2024,7,27,15:00,19,,7.2,,46,,,M,25,,13,,,,93.32,,,,,,NA,,
-137.58,60.77,HAINES JUNCTION,2100630,7/27/2024 16:00,2024,7,27,16:00,20.1,,7.2,,43,,,M,26,,16,,,,93.26,,,,,,NA,,
-137.58,60.77,HAINES JUNCTION,2100630,7/27/2024 17:00,2024,7,27,17:00,19.8,,6.9,,43,,,M,25,,13,,,,93.2,,,,,,NA,,
-137.58,60.77,HAINES JUNCTION,2100630,7/27/2024 18:00,2024,7,27,18:00,19.6,,5.7,,40,,,M,26,,12,,,,93.13,,,,,,NA,,
-137.58,60.77,HAINES JUNCTION,2100630,7/27/2024 19:00,2024,7,27,19:00,18.5,,4.9,,41,,,M,27,,16,,,,93.13,,,,,,NA,,
-137.58,60.77,HAINES JUNCTION,2100630,7/27/2024 20:00,2024,7,27,20:00,16.2,,4.5,,46,,,M,28,,24,,,,93.24,,,,,,NA,,
-137.58,60.77,HAINES JUNCTION,2100630,7/27/2024 21:00,2024,7,27,21:00,14.6,,5.6,,54,,,M,31,,21,,,,93.41,,,,,,NA,,
-137.58,60.77,HAINES JUNCTION,2100630,7/27/2024 22:00,2024,7,27,22:00,13,,6.3,,64,,,M,31,,18,,,,93.57,,,,,,NA,,
-137.58,60.77,HAINES JUNCTION,2100630,7/27/2024 23:00,2024,7,27,23:00,11.9,,7.2,,73,,,M,34,,10,,,,93.64,,,,,,NA,,
-137.58,60.77,HAINES JUNCTION,2100630,7/28/2024 0:00,2024,7,28,0:00,10.6,,6.9,,78,,,M,33,,5,,,,93.68,,,,,,NA,,
-137.58,60.77,HAINES JUNCTION,2100630,7/28/2024 1:00,2024,7,28,1:00,8.6,,6.8,,89,,,M,14,,3,,,,93.68,,,,,,NA,,8.916666667
-137.58,60.77,HAINES JUNCTION,2100630,7/28/2024 2:00,2024,7,28,2:00,8,,7,,93,,,M,5,,5,,,,93.69,,,,,,NA,,
-137.58,60.77,HAINES JUNCTION,2100630,7/28/2024 3:00,2024,7,28,3:00,7.2,,6.3,,94,,,M,,,0,,,,93.7,,,,,,NA,,
-137.58,60.77,HAINES JUNCTION,2100630,7/28/2024 4:00,2024,7,28,4:00,6.2,,5.4,,94,,,M,,,0,,,,93.69,,,,,,NA,,
-137.58,60.77,HAINES JUNCTION,2100630,7/28/2024 5:00,2024,7,28,5:00,4,,3.2,,95,,,M,,,0,,,,93.7,,,,,,NA,,
-137.58,60.77,HAINES JUNCTION,2100630,7/28/2024 6:00,2024,7,28,6:00,5,,4,,93,,,M,,,0,,,,93.71,,,,,,NA,,
-137.58,60.77,HAINES JUNCTION,2100630,7/28/2024 7:00,2024,7,28,7:00,9.9,,7,,82,,,M,,,0,,,,93.7,,,,,,NA,,
-137.58,60.77,HAINES JUNCTION,2100630,7/28/2024 8:00,2024,7,28,8:00,11.5,,7,,74,,,M,18,,3,,,,93.69,,,,,,NA,,
-137.58,60.77,HAINES JUNCTION,2100630,7/28/2024 9:00,2024,7,28,9:00,13.1,,7.3,,68,,,M,24,,4,,,,93.67,,,,,,NA,,
-137.58,60.77,HAINES JUNCTION,2100630,7/28/2024 10:00,2024,7,28,10:00,14.5,,7.3,,62,,,M,23,,5,,,,93.63,,,,,,NA,,
-137.58,60.77,HAINES JUNCTION,2100630,7/28/2024 11:00,2024,7,28,11:00,15.7,,6.3,,54,,,M,26,,11,,,,93.59,,,,,,NA,,
-137.58,60.77,HAINES JUNCTION,2100630,7/28/2024 12:00,2024,7,28,12:00,16.6,,6,,50,,,M,26,,15,,,,93.53,,,,,,NA,,
-137.58,60.77,HAINES JUNCTION,2100630,7/28/2024 13:00,2024,7,28,13:00,17.2,,5.9,,47,,,M,25,,17,,,,93.48,,,,,,NA,,
-137.58,60.77,HAINES JUNCTION,2100630,7/28/2024 14:00,2024,7,28,14:00,18,,5,,42,,,M,25,,18,,,,93.43,,,,,,NA,,
-137.58,60.77,HAINES JUNCTION,2100630,7/28/2024 15:00,2024,7,28,15:00,18.3,,4.6,,40,,,M,25,,17,,,,93.39,,,,,,NA,,
-137.58,60.77,HAINES JUNCTION,2100630,7/28/2024 16:00,2024,7,28,16:00,17.8,,4.4,,41,,,M,26,,20,,,,93.34,,,,,,NA,,
-137.58,60.77,HAINES JUNCTION,2100630,7/28/2024 17:00,2024,7,28,17:00,17.4,,3.7,,40,,,M,26,,19,,,,93.3,,,,,,NA,,
-137.58,60.77,HAINES JUNCTION,2100630,7/28/2024 18:00,2024,7,28,18:00,17.3,,4.2,,42,,,M,27,,14,,,,93.27,,,,,,NA,,
-137.58,60.77,HAINES JUNCTION,2100630,7/28/2024 19:00,2024,7,28,19:00,16.1,,3.3,,42,,,M,26,,20,,,,93.26,,,,,,NA,,
-137.58,60.77,HAINES JUNCTION,2100630,7/28/2024 20:00,2024,7,28,20:00,14.9,,3.4,,46,,,M,26,,15,,,,93.27,,,,,,NA,,
-137.58,60.77,HAINES JUNCTION,2100630,7/28/2024 21:00,2024,7,28,21:00,13.4,,3.2,,50,,,M,27,,16,,,,93.29,,,,,,NA,,
-137.58,60.77,HAINES JUNCTION,2100630,7/28/2024 22:00,2024,7,28,22:00,11.4,,4.6,,63,,,M,26,,7,,,,93.33,,,,,,NA,,
-137.58,60.77,HAINES JUNCTION,2100630,7/28/2024 23:00,2024,7,28,23:00,6.3,,2.4,,76,,,M,,,0,,,,93.39,,,,,,NA,,6.75
-137.58,60.77,HAINES JUNCTION,2100630,7/29/2024 0:00,2024,7,29,0:00,4,,2.2,,88,,,M,7,,3,,,,93.42,,,,,,NA,,
-137.58,60.77,HAINES JUNCTION,2100630,7/29/2024 1:00,2024,7,29,1:00,3.2,,1,,85,,,M,,,0,,,,93.45,,,,,,NA,,
-137.58,60.77,HAINES JUNCTION,2100630,7/29/2024 2:00,2024,7,29,2:00,2,,1,,93,,,M,,,0,,,,93.47,,,,,,NA,,
-137.58,60.77,HAINES JUNCTION,2100630,7/29/2024 3:00,2024,7,29,3:00,5.7,,3.5,,86,,,M,36,,7,,,,93.48,,,,,,NA,,
-137.58,60.77,HAINES JUNCTION,2100630,7/29/2024 4:00,2024,7,29,4:00,1.6,,0.6,,93,,,M,,,0,,,,93.49,,,,,,NA,,
-137.58,60.77,HAINES JUNCTION,2100630,7/29/2024 5:00,2024,7,29,5:00,0.1,,-0.8,,94,,,M,,,0,,,,93.51,,,,,,NA,,
-137.58,60.77,HAINES JUNCTION,2100630,7/29/2024 6:00,2024,7,29,6:00,2,,0.6,,90,,,M,,,0,,,,93.49,,,,,,NA,,
-137.58,60.77,HAINES JUNCTION,2100630,7/29/2024 7:00,2024,7,29,7:00,6.7,,3.8,,81,,,M,,,0,,,,93.47,,,,,,NA,,
-137.58,60.77,HAINES JUNCTION,2100630,7/29/2024 8:00,2024,7,29,8:00,9.9,,5,,72,,,M,22,,4,,,,93.44,,,,,,NA,,
-137.58,60.77,HAINES JUNCTION,2100630,7/29/2024 9:00,2024,7,29,9:00,12.2,,5.8,,65,,,M,16,,3,,,,93.39,,,,,,NA,,
-137.58,60.77,HAINES JUNCTION,2100630,7/29/2024 10:00,2024,7,29,10:00,12.6,,4.7,,59,,,M,,,0,,,,93.35,,,,,,NA,,
-137.58,60.77,HAINES JUNCTION,2100630,7/29/2024 11:00,2024,7,29,11:00,14.1,,4.3,,51,,,M,36,,7,,,,93.31,,,,,,NA,,
-137.58,60.77,HAINES JUNCTION,2100630,7/29/2024 12:00,2024,7,29,12:00,15.5,,4.7,,48,,,M,6,,8,,,,93.25,,,,,,NA,,
-137.58,60.77,HAINES JUNCTION,2100630,7/29/2024 13:00,2024,7,29,13:00,17.2,,4.6,,43,,,M,24,,11,,,,93.19,,,,,,NA,,
-137.58,60.77,HAINES JUNCTION,2100630,7/29/2024 14:00,2024,7,29,14:00,17.1,,4.8,,44,,,M,34,,7,,,,93.16,,,,,,NA,,
-137.58,60.77,HAINES JUNCTION,2100630,7/29/2024 15:00,2024,7,29,15:00,18.6,,4.6,,40,,,M,22,,7,,,,93.09,,,,,,NA,,
-137.58,60.77,HAINES JUNCTION,2100630,7/29/2024 16:00,2024,7,29,16:00,18.9,,4.9,,40,,,M,28,,18,,,,93.01,,,,,,NA,,
-137.58,60.77,HAINES JUNCTION,2100630,7/29/2024 17:00,2024,7,29,17:00,17.2,,5,,45,,,M,27,,15,,,,92.98,,,,,,NA,,
-137.58,60.77,HAINES JUNCTION,2100630,7/29/2024 18:00,2024,7,29,18:00,15.8,,4.9,,48,,,M,27,,15,,,,92.96,,,,,,NA,,
-137.58,60.77,HAINES JUNCTION,2100630,7/29/2024 19:00,2024,7,29,19:00,15.2,,5.4,,52,,,M,26,,9,,,,92.94,,,,,,NA,,
-137.58,60.77,HAINES JUNCTION,2100630,7/29/2024 20:00,2024,7,29,20:00,14.8,,5.2,,53,,,M,27,,16,,,,92.94,,,,,,NA,,
-137.58,60.77,HAINES JUNCTION,2100630,7/29/2024 21:00,2024,7,29,21:00,14.2,,5.2,,55,,,M,29,,16,,,,92.9,,,,,,NA,,
-137.58,60.77,HAINES JUNCTION,2100630,7/29/2024 22:00,2024,7,29,22:00,13.1,,5,,58,,,M,28,,11,,,,92.93,,,,,,NA,,
-137.58,60.77,HAINES JUNCTION,2100630,7/29/2024 23:00,2024,7,29,23:00,10.9,,5.7,,70,,,M,19,,5,,,,92.96,,,,,,NA,,
-137.58,60.77,HAINES JUNCTION,2100630,7/30/2024 0:00,2024,7,30,0:00,7.9,,5,,81,,,M,10,,3,,,,92.95,,,,,,NA,,
-137.58,60.77,HAINES JUNCTION,2100630,7/30/2024 1:00,2024,7,30,1:00,7.3,,5,,85,,,M,8,,4,,,,92.94,,,,,,NA,,
-137.58,60.77,HAINES JUNCTION,2100630,7/30/2024 2:00,2024,7,30,2:00,7.1,,4.8,,85,,,M,,,0,,,,92.97,,,,,,NA,,
-137.58,60.77,HAINES JUNCTION,2100630,7/30/2024 3:00,2024,7,30,3:00,5.7,,3.8,,88,,,M,,,0,,,,92.97,,,,,,NA,,
-137.58,60.77,HAINES JUNCTION,2100630,7/30/2024 4:00,2024,7,30,4:00,6,,5.1,,94,,,M,34,,6,,,,92.97,,,,,,NA,,
-137.58,60.77,HAINES JUNCTION,2100630,7/30/2024 5:00,2024,7,30,5:00,9.2,,5.4,,78,,,M,35,,4,,,,92.97,,,,,,NA,,
-137.58,60.77,HAINES JUNCTION,2100630,7/30/2024 6:00,2024,7,30,6:00,7.2,,5.5,,89,,,M,,,0,,,,92.96,,,,,,NA,,
-137.58,60.77,HAINES JUNCTION,2100630,7/30/2024 7:00,2024,7,30,7:00,10.3,,7.1,,80,,,M,,,0,,,,92.95,,,,,,NA,,
-137.58,60.77,HAINES JUNCTION,2100630,7/30/2024 8:00,2024,7,30,8:00,13.3,,7.6,,68,,,M,22,,5,,,,92.94,,,,,,NA,,
-137.58,60.77,HAINES JUNCTION,2100630,7/30/2024 9:00,2024,7,30,9:00,13.9,,6.9,,63,,,M,31,,6,,,,92.94,,,,,,NA,,
-137.58,60.77,HAINES JUNCTION,2100630,7/30/2024 10:00,2024,7,30,10:00,15.3,,7.2,,58,,,M,26,,8,,,,92.95,,,,,,NA,,
-137.58,60.77,HAINES JUNCTION,2100630,7/30/2024 11:00,2024,7,30,11:00,15.9,,7.2,,56,,,M,29,,8,,,,92.94,,,,,,NA,,
-137.58,60.77,HAINES JUNCTION,2100630,7/30/2024 12:00,2024,7,30,12:00,17.8,,6.5,,48,,,M,23,,6,,,,92.93,,,,,,NA,,
-137.58,60.77,HAINES JUNCTION,2100630,7/30/2024 13:00,2024,7,30,13:00,17.6,,6.7,,49,,,M,27,,7,,,,92.94,,,,,,NA,,
-137.58,60.77,HAINES JUNCTION,2100630,7/30/2024 14:00,2024,7,30,14:00,18.8,,4.3,,38,,,M,16,,10,,,,92.92,,,,,,NA,,
-137.58,60.77,HAINES JUNCTION,2100630,7/30/2024 15:00,2024,7,30,15:00,17.2,,3,,39,,,M,28,,8,,,,92.92,,,,,,NA,,
-137.58,60.77,HAINES JUNCTION,2100630,7/30/2024 16:00,2024,7,30,16:00,15.2,,3.9,,47,,,M,27,,16,,,,92.95,,,,,,NA,,
-137.58,60.77,HAINES JUNCTION,2100630,7/30/2024 17:00,2024,7,30,17:00,15.9,,1.9,,39,,,M,28,,13,,,,92.99,,,,,,NA,,
-137.58,60.77,HAINES JUNCTION,2100630,7/30/2024 18:00,2024,7,30,18:00,15.9,,1.5,,38,,,M,27,,10,,,,93.01,,,,,,NA,,
-137.58,60.77,HAINES JUNCTION,2100630,7/30/2024 19:00,2024,7,30,19:00,14.4,,3,,46,,,M,27,,13,,,,93.06,,,,,,NA,,
-137.58,60.77,HAINES JUNCTION,2100630,7/30/2024 20:00,2024,7,30,20:00,12.8,,3.1,,52,,,M,27,,17,,,,93.1,,,,,,NA,,
-137.58,60.77,HAINES JUNCTION,2100630,7/30/2024 21:00,2024,7,30,21:00,12.1,,2.4,,51,,,M,27,,14,,,,93.17,,,,,,NA,,
-137.58,60.77,HAINES JUNCTION,2100630,7/30/2024 22:00,2024,7,30,22:00,11.1,,2.9,,57,,,M,25,,10,,,,93.25,,,,,,NA,,
-137.58,60.77,HAINES JUNCTION,2100630,7/30/2024 23:00,2024,7,30,23:00,10.6,,2.8,,59,,,M,26,,9,,,,93.31,,,,,,NA,,
-137.58,60.77,HAINES JUNCTION,2100630,7/31/2024 0:00,2024,7,31,0:00,7.9,,3.6,,74,,,M,,,0,,,,93.37,,,,,,NA,,
-137.58,60.77,HAINES JUNCTION,2100630,7/31/2024 1:00,2024,7,31,1:00,6.5,,3.2,,80,,,M,,,0,,,,93.42,,,,,,NA,,
-137.58,60.77,HAINES JUNCTION,2100630,7/31/2024 2:00,2024,7,31,2:00,5.1,,2.6,,84,,,M,,,0,,,,93.47,,,,,,NA,,
-137.58,60.77,HAINES JUNCTION,2100630,7/31/2024 3:00,2024,7,31,3:00,4.7,,2.8,,88,,,M,,,0,,,,93.51,,,,,,NA,,
-137.58,60.77,HAINES JUNCTION,2100630,7/31/2024 4:00,2024,7,31,4:00,4.8,,3.2,,89,,,M,,,0,,,,93.56,,,,,,NA,,
-137.58,60.77,HAINES JUNCTION,2100630,7/31/2024 5:00,2024,7,31,5:00,4.9,,3.5,,91,,,M,,,0,,,,93.6,,,,,,NA,,
-137.58,60.77,HAINES JUNCTION,2100630,7/31/2024 6:00,2024,7,31,6:00,5.9,,4.5,,91,,,M,27,,3,,,,93.67,,,,,,NA,,
-137.58,60.77,HAINES JUNCTION,2100630,7/31/2024 7:00,2024,7,31,7:00,7.1,,5.7,,91,,,M,,,0,,,,93.72,,,,,,NA,,
-137.58,60.77,HAINES JUNCTION,2100630,7/31/2024 8:00,2024,7,31,8:00,9.5,,4.8,,73,,,M,,,0,,,,93.76,,,,,,NA,,
-137.58,60.77,HAINES JUNCTION,2100630,7/31/2024 9:00,2024,7,31,9:00,10.4,,5.5,,71,,,M,,,0,,,,93.8,,,,,,NA,,
-137.58,60.77,HAINES JUNCTION,2100630,7/31/2024 10:00,2024,7,31,10:00,11.9,,5.2,,64,,,M,27,,6,,,,93.84,,,,,,NA,,
-137.58,60.77,HAINES JUNCTION,2100630,7/31/2024 11:00,2024,7,31,11:00,12.2,,4.8,,61,,,M,28,,6,,,,93.9,,,,,,NA,,
-137.58,60.77,HAINES JUNCTION,2100630,7/31/2024 12:00,2024,7,31,12:00,12.9,,5.3,,60,,,M,27,,5,,,,93.94,,,,,,NA,,
-137.58,60.77,HAINES JUNCTION,2100630,7/31/2024 13:00,2024,7,31,13:00,13.2,,5.5,,60,,,M,29,,4,,,,93.97,,,,,,NA,,2.5
-137.58,60.77,HAINES JUNCTION,2100630,7/31/2024 14:00,2024,7,31,14:00,13.8,,5.9,,59,,,M,21,,6,,,,94,,,,,,NA,,
-137.58,60.77,HAINES JUNCTION,2100630,7/31/2024 15:00,2024,7,31,15:00,14.1,,5,,54,,,M,26,,7,,,,94.03,,,,,,NA,,
-137.58,60.77,HAINES JUNCTION,2100630,7/31/2024 16:00,2024,7,31,16:00,13.7,,5.4,,57,,,M,30,,6,,,,94.08,,,,,,NA,,
-137.58,60.77,HAINES JUNCTION,2100630,7/31/2024 17:00,2024,7,31,17:00,13.1,,7.5,,69,,,M,29,,6,,,,94.14,,,,,,NA,,
-137.58,60.77,HAINES JUNCTION,2100630,7/31/2024 18:00,2024,7,31,18:00,11.3,,8.4,,82,,,M,31,,4,,,,94.21,,,,,,NA,,
-137.58,60.77,HAINES JUNCTION,2100630,7/31/2024 19:00,2024,7,31,19:00,11.1,,9.3,,89,,,M,,,0,,,,94.24,,,,,,NA,,
-137.58,60.77,HAINES JUNCTION,2100630,7/31/2024 20:00,2024,7,31,20:00,10.6,,9.7,,94,,,M,,,0,,,,94.3,,,,,,NA,,
-137.58,60.77,HAINES JUNCTION,2100630,7/31/2024 21:00,2024,7,31,21:00,9.9,,9.1,,95,,,M,2,,4,,,,94.35,,,,,,NA,,
-137.58,60.77,HAINES JUNCTION,2100630,7/31/2024 22:00,2024,7,31,22:00,9.5,,8.6,,94,,,M,1,,3,,,,94.43,,,,,,NA,,
-137.58,60.77,HAINES JUNCTION,2100630,7/31/2024 23:00,2024,7,31,23:00,9.1,,8.4,,95,,,M,,,0,,,,94.47,,,,,,NA,,
